,MarketCap,PriceToBook,Beta,DividendYield,Return_6m,Momentum_6m,Volatility,BookValue,PE,PB,ROE,ROA,DebtToEquity
MMM,76744613888,17.19108,1.076,2.11,-0.23110779841926207,0.06,0.24551581143977994,8.295,17.758408,17.19108,0.93824,0.05448,312.492
AOS,9704623104,5.2313466,1.278,2.03,0.0777371759173706,0.7457142857142857,0.3104384971834333,13.054,19.07542,5.2313466,0.27969998,0.13352999,15.945
ABT,231816298496,4.749243,0.743,1.76,-0.011412320135852484,0.5514285714285714,0.24368461962453922,28.055,17.303898,4.749243,0.30649,0.063769996,27.087
ACN,192753401856,6.5951247,1.344,1.93,0.06830967568152363,0.7228571428571429,0.27278914820850697,46.686,25.40429,6.5951247,0.26965,0.11576,26.706
ADBE,163353935872,12.7322855,1.551,,0.3059244800604263,0.9342857142857143,0.37130159853178957,30.103,25.33245,12.7322855,0.47284,0.17194,50.118
AMD,166744768512,2.878334,1.968,,0.6278784877269561,0.9942857142857143,0.5268087211045768,35.729,75.06569,2.878334,0.03904,0.0256,8.174
AES,7916583936,2.282899,0.938,6.77,-0.28706820728586646,0.03142857142857143,0.3374221265560361,4.871,6.043478,2.282899,0.05583,0.02399,361.561
AFL,57487982592,2.1826982,0.829,2.17,-0.07602855887407613,0.32571428571428573,0.2582147674222574,48.55,16.48056,2.1826982,0.14408,0.02343,42.513
A,30486065152,5.0605774,1.269,0.92,-0.22735471360510798,0.06571428571428571,0.27603972485220607,21.13,24.469109,5.0605774,0.20614,0.08392999,58.736
APD,60338356224,4.103678,0.89,2.71,-0.08555386061325763,0.30857142857142855,0.2577499718464356,66.07,39.1241,4.103678,0.095790006,0.047020003,98.527
ABNB,78410735616,9.907971,1.146,,0.17592793973466056,0.8657142857142858,0.5643869181042647,12.822,32.243656,9.907971,0.3206,0.06276,28.726
AKAM,11141269504,2.3449273,0.821,,0.004613843508485617,0.6171428571428571,0.2843778757061839,32.517,23.318043,2.3449273,0.09821,0.03916,100.746
ARE,12813294592,0.721543,1.289,7.34,-0.24959656565360502,0.05142857142857143,0.2598747644465947,102.655,97.460526,0.721543,0.01476,0.013040001,61.193
ALGN,13315490816,3.5262415,1.683,,0.549288481312617,0.9885714285714285,0.5466203800341848,51.579,33.12933,3.5262415,0.108430006,0.06719,3.124
ALLE,12206093312,7.5969367,1.036,1.45,-0.04666281728665091,0.44,0.2938431657235596,18.672,19.922754,7.5969367,0.42051998,0.11533,133.636
LNT,15864475648,2.2634318,0.577,3.28,-0.05999569244869928,0.37714285714285717,0.21862626810281885,27.286,22.959106,2.2634318,0.10712,0.02735,149.852
ALL,53662720000,2.6777666,0.316,1.96,-0.1688908654527651,0.14285714285714285,0.26344179505807525,75.675,13.850991,2.6777666,0.19723,0.03111,36.672
GOOGL,1861411536896,5.3775744,1.01,0.55,0.2997163571662518,0.9285714285714286,0.31760316737137534,28.405,17.04799,5.3775744,0.34789002,0.16896999,8.254
GOOG,1863783415808,5.4349585,1.01,0.55,0.30312224986849967,0.9314285714285714,0.3173661974339387,28.405,17.249163,5.4349585,0.34789002,0.16896999,8.254
AMZN,2049602093056,6.69882,1.308,,0.3283921129130601,0.9485714285714286,0.38008606705500475,28.82,31.49429,6.69882,0.2524,0.07632,51.641
AMCR,20897019904,3.4208553,0.78,5.6,-0.1787119872169796,0.12285714285714286,0.25214573875904517,2.666,16.285713,3.4208553,0.20796,0.04917,241.41
AEE,26325176320,2.1546288,0.524,2.85,-0.06552516262367553,0.3457142857142857,0.20815267181477354,45.205,21.59645,2.1546288,0.10159001,0.02686,158.916
AEP,55919534080,2.0460498,0.435,3.46,-0.11745712773494871,0.22285714285714286,0.21045562512084473,51.162,20.208494,2.0460498,0.10421,0.028900001,171.503
AXP,199324581888,6.391903,1.239,1.19,0.06131943766932968,0.7171428571428572,0.3548055429373377,44.511,19.8819,6.391903,0.34273,0.03727,170.351
AIG,47495356416,1.154428,0.7,2.2,-0.11499467217378263,0.22857142857142856,0.3637218253907041,71.386,20.100002,1.154428,0.057439998,0.0072600003,21.112
AMT,102976315392,29.13124,0.878,3.1,-0.12625531125494818,0.21142857142857144,0.2681560600262636,7.551,35.53635,29.13124,0.28421,0.04533,446.681
AWK,28655063040,2.720255,0.728,2.24,-0.015468509969590684,0.54,0.23100762410767864,54.017,26.765028,2.720255,0.10428,0.03475,137.735
AMP,46866710528,8.665904,1.27,1.33,-0.05610090546815019,0.3914285714285714,0.3267759438396599,56.795,16.729435,8.665904,0.58108,0.022219999,74.235
AME,39653470208,3.9772596,1.124,0.73,0.06064130085509756,0.7142857142857143,0.22961138098167158,43.183,28.109655,3.9772596,0.14964,0.07521,21.761
AMGN,142954512384,23.030146,0.497,3.45,-0.22621664802368285,0.06857142857142857,0.2237348743097999,11.544,24.213114,23.030146,1.0567299,0.07037,924.456
APH,98008760320,9.495187,1.103,0.82,-0.015063791870669708,0.5428571428571428,0.2534922058559658,8.518,39.262135,9.495187,0.27526,0.118219994,69.096
ADI,102919979008,2.9346626,0.985,1.98,0.11084572577821589,0.7942857142857143,0.3148613903022114,70.71,66.08598,2.9346626,0.04429,0.02616,21.725
ANSS,29341116416,4.7480435,1.214,,0.3433070842175056,0.9571428571428572,0.3491270344696938,70.29,49.442963,4.7480435,0.102299996,0.06059,13.932
AON,76511862784,10.932092,0.89,0.83,0.034452494337278504,0.6628571428571428,0.24300268568127203,32.411,30.597584,10.932092,0.72012,0.06008,254.468
APA,6047022080,1.1570934,1.19,6.46,-0.3039848153701231,0.02,0.6329273725098318,14.45,7.3656387,1.1570934,0.26176,0.082320005,84.961
APO,75700101120,4.5578423,1.654,1.58,0.04546437940153773,0.6857142857142857,0.3814364993237734,29.062,18.070942,4.5578423,0.18686001,0.01521,90.49
AAPL,2965204369408,44.403934,1.275,0.53,0.27941115205344597,0.92,0.31455511534960134,4.471,30.923676,44.403934,1.38015,0.23809999,146.994
AMAT,126423949312,6.7877865,1.705,1.18,0.31229092322608204,0.94,0.441741811434972,22.925,20.341177,6.7877865,0.35186002,0.15558,35.372
APTV,13492728832,1.5475478,1.445,,-0.11454651043930801,0.23142857142857143,0.42510322546990376,40.044,10.125817,1.5475478,0.15237,0.05728,91.193
ACGL,35509223424,1.707207,0.55,,0.18124785447068964,0.8714285714285714,0.2977421057620449,55.377,9.69641,1.707207,0.18415001,0.03801,12.662
ADM,23316236288,1.0531455,0.674,4.26,-0.26015172623140836,0.04285714285714286,0.2650275848873546,46.081,17.088028,1.0531455,0.05888,0.01791,55.504
ANET,108662194176,10.743821,1.387,,0.24657829860459288,0.9085714285714286,0.3960487626114767,8.053,36.50633,10.743821,0.33681,0.15675001,
AJG,86591995904,3.8802578,0.781,0.77,0.0415163544436075,0.6742857142857143,0.22190596580757405,87.154,52.10786,3.8802578,0.092980005,0.026770001,60.048
AIZ,9955356672,1.9174472,0.581,1.62,-0.032775795983482126,0.4828571428571429,0.28109449207183257,102.068,15.254092,1.9174472,0.13204001,0.01705,39.809
T,200325496832,1.9309196,0.612,3.95,-0.14435784189996811,0.18857142857142858,0.24088918055470285,14.418,17.079754,1.9309196,0.10885,0.041739997,119.246
ATO,25374259200,2.0414784,0.726,2.14,-0.043262738823762935,0.4514285714285714,0.22071224374960968,78.306,22.902578,2.0414784,0.09186,0.03644,64.747
ADSK,61504909312,23.471588,1.473,,0.04160267794181615,0.6771428571428572,0.39487876335360084,12.248,56.038986,23.471588,0.49687,0.085260004,97.634
ADP,124910624768,21.353132,0.775,2.02,-0.1673475005357027,0.14857142857142858,0.2488583987989137,14.411,31.496416,21.353132,0.76289004,0.055710003,74.577
AVB,29261099008,2.4523911,0.875,3.37,0.055597117469980965,0.7057142857142857,0.2640616322836736,83.808,25.531675,2.4523911,0.096920006,0.029059999,71.138
AVY,13461837824,6.2321305,0.887,2.19,-0.1480281708701201,0.18285714285714286,0.2902060508405523,27.631,19.815882,6.2321305,0.31949,0.08647,159.369
AXON,53294030848,22.534235,1.24,,0.0600243032800168,0.7114285714285714,0.48418753947636245,30.38,142.32642,22.534235,0.15166001,0.00677,80.08
BKR,36152471552,2.1205254,0.937,2.53,0.011549210077612617,0.6314285714285715,0.43192974602238926,17.208,12.453925,2.1205254,0.18035999,0.05787,35.011
BALL,14720417792,2.6483438,1.104,1.58,-0.046300924953634,0.44285714285714284,0.32029878245470506,19.684,29.619318,2.6483438,0.08219,0.04257,126.809
BAC,314757283840,1.1485187,1.28,2.54,-0.23383606765765808,0.05714285714285714,0.3271474569280829,36.386,12.4746275,1.1485187,0.094560005,0.00841,
BDX,47926423552,1.8987601,0.34,2.49,0.03724396871952087,0.6657142857142857,0.22203462593718168,88.068,32.40698,1.8987601,0.058870003,0.03687,76.344
BRK-B,1108764000256,0.0011293134,0.869,,0.025354584173431026,0.6457142857142857,0.19653335942626615,454913.6,13.6924305,0.0011293134,0.13187,0.05789,19.175
BBY,14574580736,5.1833167,1.296,5.56,-0.11389153058741103,0.23714285714285716,0.377195483922937,13.283,16.086447,5.1833167,0.31633,0.072859995,144.836
TECH,7894914560,3.8945644,1.457,0.66,0.0010843255079778069,0.6057142857142858,0.3578560061181547,12.823,60.168674,3.8945644,0.0653,0.05235,20.986
BIIB,17315213312,1.019621,0.124,,0.03774750304301333,0.6685714285714286,0.5286991939352514,115.896,11.676877,1.019621,0.09191,0.0543,38.997
BLK,143153512448,3.0126286,1.426,2.26,-0.04995902181097158,0.4257142857142857,0.29201572965055955,306.523,22.446281,3.0126286,0.13932,0.036679998,28.41
BX,169112125440,13.5067835,1.662,2.97,0.00640979947975951,0.6257142857142857,0.39933069652995323,10.32,42.367783,13.5067835,0.26345,0.11889,73.101
BK,61462937600,1.6265289,1.047,2.24,-0.06477154047956192,0.3514285714285714,0.30527330710118133,52.818,14.014682,1.6265289,0.11229,0.01082,
BSX,152176230400,6.8500266,0.688,,0.15730337078651685,0.8485714285714285,0.26438299430394824,15.016,75.08029,6.8500266,0.09498999,0.05283,52.163
BMY,94529462272,5.4359274,0.4,5.21,-0.1683121478569349,0.1457142857142857,0.20062040116647323,8.545,17.332088,5.4359274,0.31986,0.07237,293.85
AVGO,978945966080,3.5156448,1.059,1.15,0.5387223108547585,0.9857142857142858,0.322655455083186,59.221,96.837204,3.5156448,0.14845,0.069759995,166.032
BR,27838730240,11.659369,0.992,1.49,0.054078505496937615,0.7028571428571428,0.24396219273093378,20.327,35.585587,11.659369,0.33918,0.09024,152.819
BRO,31905202176,4.683805,0.873,0.54,0.0980960860985172,0.7828571428571428,0.2534200854170342,23.767,31.008358,4.683805,0.16519,0.05683,59.026
BF-B,16382706688,4.285361,0.645,2.63,-0.1257698760530572,0.21428571428571427,0.2282816112888324,8.088,16.583733,4.285361,0.27985,0.0896,74.889
BLDR,12236221440,2.8786852,1.794,,0.8297536508014539,0.9971428571428571,0.48167141370463096,38.462,14.194872,2.8786852,0.19621,0.07772,116.805
BG,10362424320,0.90456194,0.665,3.58,-0.11448331349623642,0.2342857142857143,0.31671015252431645,85.511,9.929397,0.90456194,0.09861,0.0313,66.083
CHRW,10563496960,6.1009393,0.925,2.83,-0.009588290564383104,0.5571428571428572,0.2890353958909845,14.583,21.23389,6.1009393,0.3211,0.0887,99.658
CDNS,83490775040,17.480135,1.045,,0.42117168124845855,0.9771428571428571,0.35382122863051135,17.493,77.41266,17.480135,0.25921,0.12727,51.864
CPT,12604747776,2.783138,0.809,3.53,-0.095485127549321,0.28285714285714286,0.2491447859191495,42.391,108.23853,2.783138,0.025999999,0.02076,79.752
CPB,10531788800,2.6918678,0.138,4.42,-0.024494217918056827,0.5057142857142857,0.22802646093692602,13.121,20.416185,2.6918678,0.13423,0.064959995,205.496
COF,71904378880,1.2251396,1.135,1.29,0.053131765356013265,0.7,0.4123506347155885,153.256,15.7781515,1.2251396,0.08028,0.00999,
KMX,10092411904,1.6233207,1.449,,0.0698747708595788,0.7285714285714285,0.4276635123026646,40.719,20.5919,1.6233207,0.08128,0.01806,311.168
CCL,27354624000,2.8826385,2.508,,0.21538465450971556,0.8885714285714286,0.7289119720384258,7.004,13.025807,2.8826385,0.2587,0.048130002,309.246
CARR,61246230528,4.4339623,1.332,1.29,-0.03779987433219111,0.46285714285714286,0.326895853633594,16.112,47.626667,4.4339623,0.11125,0.03244,81.85
CAT,153143967744,8.559037,1.346,1.76,-0.10170409252426335,0.26571428571428574,0.3053699998140095,38.044,15.883903,8.559037,0.55646,0.09403,213.547
CBOE,24263049216,5.4511023,0.434,1.08,0.09225355663664062,0.7714285714285715,0.25815968794082206,42.507,30.448095,5.4511023,0.19018,0.09319,36.019
CBRE,37737111552,4.510922,1.303,,-0.018833409085126224,0.5285714285714286,0.3558570664466871,28.063,38.594513,4.510922,0.11921,0.038900003,100.422
CDW,23578386432,10.205897,0.908,1.42,-0.052655674770753357,0.4114285714285714,0.3015332732615816,17.533,22.173483,10.205897,0.48707,0.07545,272.795
COR,54820777984,46.48489,0.6,0.72,0.034060146798689094,0.66,0.2376033146573171,6.088,32.716763,46.48489,1.4178,0.02974,827.73
CNC,31244492800,1.1190319,0.481,,-0.2307509612657746,0.06285714285714286,0.31915314403599904,56.111,9.261062,1.1190319,0.12527001,0.03858,65.384
CNP,24503410688,2.236787,0.613,2.25,-0.05970744401074843,0.38,0.24630975954568957,16.783,25.364864,2.236787,0.092209995,0.02971,202.529
CF,13718546432,2.8084106,0.921,2.48,-0.427808044106869,0.005714285714285714,0.4251224764265193,29.344,12.227004,2.8084106,0.20794001,0.08705,45.169
CRL,6816767488,2.1339831,1.502,,-0.18020878355786796,0.12,0.3701982632685901,65.038,660.9047,2.1339831,-0.00671,0.04265,92.213
CHTR,56388431872,3.4706995,1.111,,-0.14861921186421548,0.1742857142857143,0.31811863002307994,115.749,11.205858,3.4706995,0.33116,0.05639,465.632
CVX,241903255552,1.6084226,0.806,5.04,-0.143742245764313,0.19142857142857142,0.3131856287566034,86.103,15.845539,1.6084226,0.10079,0.05233,19.777
CMG,66990739456,19.226606,1.116,,0.34108530512241264,0.9542857142857143,0.33672764413740774,2.586,44.0,19.226606,0.45574,0.1435,132.72
CB,116162461696,1.7674749,0.582,1.25,-0.12654831353622728,0.2057142857142857,0.2614658577197452,164.008,13.956668,1.7674749,0.12855,0.0271,29.874
CHD,22551584768,4.9542823,0.545,1.28,0.1739714263485426,0.8571428571428571,0.21404051908041002,18.483,39.30043,4.9542823,0.13354999,0.08238,52.837
CI,89081503744,2.237386,0.482,1.81,-0.203775723355551,0.08857142857142856,0.2900671982417892,149.04,18.59788,2.237386,0.13206,0.040260002,75.34
CINF,23101730816,1.6840043,0.739,2.4,-0.08932756036269326,0.3028571428571429,0.3377625430400577,87.767,16.100218,1.6840043,0.10974,0.03222,6.4
CTAS,86709223424,18.876581,1.085,0.73,0.056158230217629515,0.7085714285714285,0.27480988110872123,11.376,49.939533,18.876581,0.40296,0.15531999,58.617
CSCO,237782384640,5.2209992,0.888,2.75,0.04627240155892957,0.6885714285714286,0.2521834631305346,11.448,26.214912,5.2209992,0.20019,0.065560006,71.21
C,133447155712,0.6876672,1.285,3.19,-0.03765652941429486,0.4657142857142857,0.3488775247613389,103.902,11.287519,0.6876672,0.06435,0.00541,
CFG,16964347904,0.7524958,1.072,4.41,-0.3528920112536019,0.014285714285714285,0.418093879346919,51.987,12.419047,0.7524958,0.06367,0.00703,
CLX,16609573888,615.34247,0.598,3.58,0.09266487124034166,0.7742857142857142,0.27184838503545067,0.219,24.193893,615.34247,3.18652,0.11598,1549.474
CME,102468083712,3.783313,0.466,3.79,0.0697620813343269,0.7257142857142858,0.237648194992949,75.159,28.606642,3.783313,0.13387,0.01762,14.045
CMS,21620682752,2.6653883,0.408,2.93,-0.030355112009786637,0.48857142857142855,0.20839512351107595,27.118,21.384615,2.6653883,0.11234,0.03091,190.138
KO,303537094656,11.583443,0.474,2.82,-0.025463746574384976,0.5,0.18490411400269627,6.088,28.321283,11.583443,0.38776,0.088929996,180.05
CTSH,39026216960,2.6197014,0.928,1.59,0.05249544486580003,0.6971428571428572,0.28868269197894597,30.221,16.667368,2.6197014,0.16605,0.10094,7.913
CL,72783814656,200.46873,0.392,2.29,-0.0015435860199407546,0.5857142857142857,0.17566086441403062,0.448,25.441925,200.46873,4.51259,0.16023001,1128.104
CMCSA,127879225344,1.480185,0.967,3.84,0.11742569817159855,0.8057142857142857,0.26929885288361516,23.139,8.435961,1.480185,0.18049,0.05451,113.542
CAG,11022287872,1.2555053,0.178,6.09,-0.05203378990807492,0.42,0.221365000698954,18.391,33.955883,1.2555053,0.03658,0.05133,92.778
COP,111992815616,1.7443783,0.645,3.56,-0.1811532437831945,0.11428571428571428,0.4184171141189852,50.786,11.343149,1.7443783,0.1666,0.08781999,36.457
ED,38796673024,1.6299345,0.276,3.06,-0.030148750570307394,0.49142857142857144,0.20219549635681167,66.064,19.903883,1.6299345,0.08331,0.03111,110.23
CEG,85051965440,6.555939,1.009,0.58,-0.052046908630437906,0.41714285714285715,0.4258474257774293,41.393,28.595364,6.555939,0.23974001,0.0467,62.682
COO,16450460672,2.0235136,1.082,,0.2172222090400534,0.8942857142857142,0.28377726929220376,40.657,39.74396,2.0235136,0.05251,0.03797,31.251
CPRT,59434041344,7.1593156,1.202,,0.36235253863239203,0.96,0.2811784236872444,8.593,41.28859,7.1593156,0.19184999,0.12133,1.434
GLW,38609715200,3.4074078,1.078,2.5,-0.06007563576458088,0.3742857142857143,0.29539792731225384,13.23,86.692314,3.4074078,0.048660003,0.03592,73.266
CPAY,23065335808,6.663206,0.979,,0.19873818958074993,0.88,0.3380962905009828,49.119,22.983849,6.663206,0.30040002,0.06493,233.864
CTVA,46301585408,1.9537148,0.718,1.09,-0.17434610143074655,0.12857142857142856,0.295243127038122,34.698,55.565575,1.9537148,0.04659,0.03079,16.647
CSGP,31460114432,3.687933,0.893,,0.018913780919279154,0.6371428571428571,0.35586628855264457,20.22,266.3214,3.687933,0.01474,0.0014300001,13.085
COST,447272419328,17.489115,0.99,0.52,-0.027217161715063748,0.4942857142857143,0.2391655911410237,57.641,58.88376,17.489115,0.32894,0.087349996,31.431
CTRA,17852674048,1.256311,0.305,3.89,-0.15589175529507554,0.16,0.41198938950611824,18.618,13.678362,1.256311,0.09404001,0.04621,31.773
CSX,53989527552,4.4365544,1.22,1.83,-0.01754739687283072,0.5342857142857143,0.2577783115435233,6.478,17.107143,4.4365544,0.26121,0.07445,162.012
CMI,42250838016,3.8677173,1.014,2.44,-0.14904111390909863,0.17142857142857143,0.26934105455192564,79.3,15.116312,3.8677173,0.26187,0.07728,67.789
CVS,84718395392,1.0986253,0.6,3.98,-0.3068416808881637,0.017142857142857144,0.2469848837227429,60.958,15.983294,1.0986253,0.06934,0.02309,105.321
DHR,135784071168,2.6700723,0.834,0.66,-0.0998036595336015,0.26857142857142857,0.2765989128021996,71.058,36.76938,2.6700723,0.07219,0.03928,34.562
DRI,23219128320,10.546431,0.738,2.83,0.133912125767879,0.8228571428571428,0.3585673088447126,18.813,22.36866,10.546431,0.48222,0.07198,357.83
DVA,11049867264,95.585106,1.141,,0.32184224797629385,0.9428571428571428,0.351288560532274,1.504,13.39795,95.585106,0.5174,0.071490005,576.988
DAY,9066851328,3.4785008,1.172,,-0.026360979961266334,0.49714285714285716,0.46488946354622196,16.303,515.5455,3.4785008,0.01031,0.00551,47.498
DECK,18375278592,6.9841366,1.11,,0.19629017252546666,0.8771428571428571,0.41248382385112115,17.335,19.65422,6.9841366,0.39797002,0.19806999,9.77
DE,133698543616,5.9476953,1.094,1.37,-0.19572218887587992,0.10285714285714286,0.3200348202398957,82.822,21.815767,5.9476953,0.27745,0.0496,289.674
DAL,31563845632,2.029813,1.46,1.32,0.05114124033067823,0.6942857142857143,0.4710152391277678,23.815,8.570922,2.029813,0.27521,0.04735,151.356
DVN,20927492096,1.4380442,1.046,3.17,-0.2790715313094446,0.03428571428571429,0.5639231733221448,22.621,7.4100227,1.4380442,0.20963,0.09558,60.969
DXCM,33199699968,14.646255,1.435,,0.0832503169872109,0.7571428571428571,0.45360647770228124,5.781,63.66165,14.646255,0.23716,0.05975,113.968
FANG,40551104512,1.02966,1.035,4.04,-0.10324940691613707,0.26,0.5673478194227013,133.918,8.575249,1.02966,0.14668,0.07135,33.594
DLR,57156997120,2.72766,0.949,2.92,-0.01445666301125056,0.5457142857142857,0.30425679943312806,61.067,158.6381,2.72766,0.01849,0.00997,79.552
DFS,47831687168,2.670873,1.146,1.48,-0.01755029561694414,0.5314285714285715,0.4137114231423231,71.164,10.147892,2.670873,0.28472,0.03185,76.665
DG,20160344064,2.719236,0.277,2.54,-0.35664812877071994,0.011428571428571429,0.2752267972504212,33.708,17.937378,2.719236,0.15890001,0.03917,235.555
DLTR,17961349120,4.621749,0.871,,-0.11563141598229522,0.2257142857142857,0.37035461628775324,18.493,17.695652,4.621749,0.18466999,0.04654,196.877
D,46980255744,1.7817523,0.57,4.84,-0.14924513401841788,0.16857142857142857,0.22027792803883756,30.919,21.270271,1.7817523,0.07719,0.02863,145.196
DASH,77765320704,9.219331,1.679,,0.2667791432607623,0.9171428571428571,0.7214329642220649,19.906,229.40001,9.219331,0.04336,0.01424,6.278
DOV,24152240128,3.383723,1.275,1.2,-0.024019071484624004,0.5085714285714286,0.258070100255047,52.061,23.394423,3.383723,0.16876,0.06711,41.649
DOW,20838291456,1.2412632,0.94,9.84,-0.006905154116573231,0.5628571428571428,0.3205983089894233,23.75,73.7,1.2412632,0.020599999,0.01827,103.62
DHI,37485297664,1.5481522,1.456,1.3,0.2980586173637897,0.9257142857142857,0.38498881985791705,78.823,9.251706,1.5481522,0.17649001,0.098900005,26.598
DTE,28247076864,2.3695295,0.469,3.15,-0.044275267020398926,0.44571428571428573,0.21353772412270655,57.446,18.394594,2.3695295,0.13295999,0.02915,196.504
DUK,93527343104,1.8813322,0.376,3.41,-0.08175421449588376,0.3171428571428571,0.20118122043292766,63.96,19.955223,1.8813322,0.09478,0.02841,168.902
DD,27943178240,1.2237453,1.06,2.54,-0.019040143390902778,0.5257142857142857,0.31036072295048955,54.562,2225.6665,1.2237453,0.00199,0.03362,33.114
EMN,8948150272,1.5234613,1.304,4.41,-0.07050981466975043,0.34,0.32893200108941023,50.871,9.872612,1.5234613,0.16032,0.059520002,86.003
ETN,121252126720,6.551994,1.129,1.38,0.1153054338337409,0.8,0.271357268366468,47.294,31.268415,6.551994,0.20812,0.07821,58.004
EBAY,32033267712,6.5017304,1.291,1.66,0.004742089716059402,0.62,0.3431657899550741,10.691,16.709135,6.5017304,0.36479,0.067779996,145.01
ECL,71665549312,10.771165,1.056,1.02,0.17540898109320496,0.8628571428571429,0.2878292165034026,23.458,34.37687,10.771165,0.24774,0.07764,103.915
EIX,21619888128,1.4435452,0.77,5.94,0.07331528487012283,0.7342857142857143,0.25280785896615976,38.925,7.9476657,1.4435452,0.15001,0.02796,210.459
EW,43220688896,4.264136,1.125,,0.13867742277110828,0.8342857142857143,0.3209300903290061,17.279,30.44628,4.264136,0.16511999,0.084180005,6.863
EA,39952740352,6.169511,0.746,0.49,0.004002610948820182,0.6085714285714285,0.25558496496738137,24.848,36.070587,6.169511,0.16131,0.078379996,29.502
ELV,91408785408,2.1478512,0.665,1.64,-0.09374848941387362,0.2914285714285714,0.27884089110810334,188.365,15.736289,2.1478512,0.14175001,0.0493,70.397
EMR,63466950656,3.2890122,1.248,1.92,-0.14819169792885148,0.18,0.27461631251160695,34.22,31.704227,3.2890122,0.08335,0.04718,77.857
ENPH,6662035456,8.21602,1.801,,-0.401859018231081,0.008571428571428572,0.7115289365315403,6.18,46.58257,8.21602,0.17132,0.03012,152.289
ETR,35719782400,2.3522737,0.603,2.85,-0.11908619353847424,0.22,0.23451406613257153,35.251,26.834951,2.3522737,0.08853,0.03068,199.493
EOG,60647854080,2.075225,0.795,3.61,-0.20796140069391783,0.08285714285714285,0.4675201712279934,53.546,10.288889,2.075225,0.20899999,0.105059996,17.15
EPAM,10028465152,2.7751226,1.709,,-0.25004361048305507,0.04857142857142857,0.5704888483268327,63.817,22.618135,2.7751226,0.11568,0.08141,4.341
EQT,33295577088,1.6070036,0.591,1.17,-0.1694612229134308,0.14,0.5578787587645938,34.611,91.18032,1.6070036,0.022969998,0.0125,34.392
EFX,33522552832,6.729916,1.675,0.75,0.1080006785523746,0.7885714285714286,0.32983683006290077,40.106,55.08367,6.729916,0.12519,0.05641,97.097
EQIX,84553768960,6.087811,0.963,2.15,0.13343190336685684,0.82,0.29593926691908484,141.987,90.04063,6.087811,0.07059,0.03119,141.235
EQR,27389065216,2.4084852,0.91,3.93,-0.008908874253500404,0.56,0.2849336574867616,29.039,26.694658,2.4084852,0.08901,0.02643,70.333
ERIE,18468792320,8.933631,0.369,1.5,-0.19672563150632294,0.1,0.262164954164904,39.536,30.034014,8.933631,0.3238,0.16288,0.615
ESS,19519631360,3.2663178,0.8,3.61,0.044225693215075704,0.6828571428571428,0.2827718706331602,86.547,27.025812,3.2663178,0.12810999,0.028299998,118.416
EG,14803777536,1.0460888,0.578,2.34,0.029488159792856853,0.6514285714285715,0.291637076932633,332.706,17.57778,1.0460888,0.06122,0.01207,25.368
EVRG,15316563968,1.5383726,0.505,3.83,0.00573906565469322,0.6228571428571429,0.22565894867015104,43.286,17.56992,1.5383726,0.09047,0.02912,144.484
ES,23145254912,1.5083679,0.629,4.84,-0.12446766496193945,0.21714285714285714,0.22210301432313734,41.767,27.631578,1.5083679,0.05617,0.03091,189.941
EXC,45641302016,1.6532582,0.513,3.45,0.004075325215232041,0.6114285714285714,0.2335286597571553,27.346,16.80669,1.6532582,0.10099,0.02755,174.861
EXPE,19984332800,12.958889,1.623,0.96,-0.03699361867876181,0.4685714285714286,0.48548641531643355,12.089,17.52349,12.958889,0.52188,0.04084,278.63
EXPD,14917569536,6.526291,1.087,1.43,-0.006534381084279783,0.5657142857142857,0.2640819820273871,16.717,18.122923,6.526291,0.37695,0.14770001,25.721
EXR,32884676608,2.2682397,1.154,4.4,-0.04747359515345314,0.4342857142857143,0.29069374337536213,65.434,34.516277,2.2682397,0.063930005,0.03329,89.649
XOM,462467465216,1.7603058,0.475,3.79,-0.04958259911418579,0.42857142857142855,0.34783822860557645,60.961,14.232095,1.7603058,0.14302,0.061979998,13.918
FFIV,15510552576,4.719936,0.999,,-0.023828642035059158,0.5114285714285715,0.3161184848808906,57.219,25.62334,4.719936,0.19892,0.08076,8.051
FDS,17251510272,8.396809,0.873,1.0,-0.12694744979389247,0.20285714285714285,0.2666413403614486,54.142,32.265434,8.396809,0.28119,0.10808,80.856
FAST,45086609408,12.218249,1.009,2.24,0.08679434949031768,0.7628571428571429,0.2489344543245707,6.433,39.3,12.218249,0.32351002,0.20121,13.435
FRT,8077315584,2.6594987,1.12,4.62,-0.18560616139495192,0.11142857142857143,0.3645987266053947,35.157,27.33918,2.6594987,0.094469994,0.0317,133.513
FDX,52191850496,1.9574419,1.375,2.56,0.23704045755602718,0.9028571428571428,0.3621949024537071,111.283,13.708622,1.9574419,0.14762,0.04879,
FIS,41159442432,2.7354305,1.096,2.12,-0.17314647022959523,0.13428571428571429,0.3656088900770341,28.639,49.898087,2.7354305,0.05246,0.034360003,80.216
FITB,24930824192,1.3628402,0.914,4.03,-0.295775522965513,0.02857142857142857,0.40465012977005965,27.406,11.857142,1.3628402,0.11715,0.01081,
FSLR,15087085568,1.8427359,1.464,,0.29003157185992956,0.9228571428571428,0.5284950438637726,76.343,11.95242,1.8427359,0.16766001,0.07502,7.7
FE,24534898688,1.9523283,0.397,4.14,-0.04697117397421794,0.43714285714285717,0.27953524641478017,21.774,22.611702,1.9523283,0.09274,0.02962,178.805
FI,102054666240,3.9539032,0.972,,0.11061863404524234,0.7914285714285715,0.28660063083999104,46.554,32.578762,3.9539032,0.116780005,0.04385,107.142
F,41475416064,0.9291759,1.547,7.3,-0.05205664969668885,0.4142857142857143,0.44276309981229195,11.225,8.344,0.9291759,0.11497,0.00981,353.298
FTNT,74913447936,50.010265,1.168,,0.3304903893512641,0.9514285714285714,0.4299929142863359,1.948,43.106194,50.010265,2.05906,0.13325,54.842
FTV,23968477184,2.3416123,1.158,0.47,0.00017315980724906825,0.5971428571428572,0.2688470541799293,30.116,30.929823,2.3416123,0.07695,0.041020002,39.337
FOXA,21967241216,1.9858494,0.522,1.06,-0.005960671034004482,0.5714285714285714,0.33709778733926987,25.299,10.7811165,1.9858494,0.20055,0.08124,68.766
FOX,21934807040,1.8467134,0.522,1.14,-0.01723693286149846,0.5371428571428571,0.3227098811855076,25.299,10.025752,1.8467134,0.20055,0.08124,68.766
BEN,11004409856,0.89113975,1.419,6.26,-0.049968156947929346,0.4228571428571429,0.3748957481755108,23.498,30.347828,0.89113975,0.02799,0.02224,24.117
FCX,53004001280,2.9966757,1.646,1.62,-0.047771608452905935,0.43142857142857144,0.5007171182642404,12.634,31.032787,2.9966757,0.14062001,0.07496,32.19
GRMN,36858122240,4.510178,0.999,1.91,0.17427141032423643,0.86,0.26167918476289836,42.444,25.221342,4.510178,0.19036,0.1105,2.181
IT,33288181760,22.345648,1.239,,0.0004704883216506916,0.6,0.3300119806532314,19.355,26.98066,22.345648,1.13185,0.09032,192.54
GE,229231198208,11.907163,1.313,0.69,0.5682493203318568,0.9914285714285714,0.3753746122807813,18.053,33.90536,11.907163,0.27197,0.03718,106.4
GEN,17817262080,7.849579,0.994,1.8,-0.21350838227828972,0.07714285714285714,0.3270630488613809,3.683,28.067963,7.849579,0.28795,0.0674,363.993
GNRC,7154190848,2.8973057,1.731,,0.12815411709884741,0.8171428571428572,0.548446312582336,41.794,21.132635,2.8973057,0.13798,0.0679,57.434
GD,72885616640,3.2744899,0.497,2.23,-0.17354122726280366,0.13142857142857142,0.22500934789096333,82.932,18.832178,3.2744899,0.18228,0.055999998,51.775
GIS,29844256768,3.2212305,0.046,4.41,0.02543728007065231,0.6485714285714286,0.20618299454402936,16.919,11.978022,3.2212305,0.26834,0.07201,149.142
GM,45668163584,0.7349415,1.363,1.32,-0.16319740475457564,0.15142857142857144,0.41655986911300247,64.631,6.6340785,0.7349415,0.08557,0.02755,201.974
GPC,16296721408,3.6621652,0.769,3.55,-0.15945047522760125,0.15428571428571428,0.25724156605095416,32.063,19.280787,3.6621652,0.19131,0.04816,136.683
GILD,120652947456,6.324067,0.282,3.2,-0.09545483752461578,0.2885714285714286,0.22546520028269448,15.324,20.359243,6.324067,0.32654998,0.121429995,130.789
GPN,19632340992,0.88777626,0.967,1.27,-0.004876936184964244,0.5742857142857143,0.3562625269644538,90.676,13.02589,0.88777626,0.07102,0.03233,73.574
GL,10150627328,1.9301022,0.557,0.89,-0.11190037176805867,0.24285714285714285,0.273600307139993,63.178,9.929968,1.9301022,0.20471,0.03194,58.407
GDDY,26018310144,130.24252,1.127,,0.0,0.5942857142857143,0.34110841249309637,1.402,35.115387,130.24252,2.45696,0.07782,1945.769
GS,174009516032,1.5267031,1.311,2.17,-0.1577033795123683,0.15714285714285714,0.29724786229914696,371.454,13.157772,1.5267031,0.12222,0.008590001,593.344
HAL,17503797248,1.6908895,1.195,3.51,-0.18649435575359424,0.10857142857142857,0.5239020068746962,12.041,8.518828,1.6908895,0.21004,0.09115,82.371
HIG,36228812800,2.2020755,0.695,1.63,-0.0756417291305619,0.32857142857142857,0.316203064288357,57.909,12.713859,2.2020755,0.18495001,0.03079,25.92
HAS,8620735488,7.3685474,0.537,4.56,-0.011234003146793004,0.5542857142857143,0.3293419650398535,8.349,20.30363,7.3685474,0.39041,0.08332,280.61
HCA,85091024896,-24.42005,1.468,0.8,0.14135092857572112,0.8371428571428572,0.3518846243304115,-14.484,15.699068,-24.42005,16.05769,0.11607,
DOC,12204750848,1.4906143,1.024,7.07,-0.19445493965609315,0.10571428571428572,0.28496082529227557,11.72,42.609756,1.4906143,0.0332,0.017439999,103.846
HSIC,8354860544,2.5349927,0.874,,-0.08895779534347563,0.3057142857142857,0.2884701100947372,27.077,21.383177,2.5349927,0.084680006,0.04612,68.32
HSY,34625024000,7.390589,0.305,3.25,0.1358920737147834,0.8257142857142857,0.18452141004991193,23.124,21.020908,7.390589,0.37483,0.109639995,134.279
HES,40943366144,3.5456564,0.623,1.55,-0.0855393052042889,0.31142857142857144,0.4745917898302994,37.333,18.333796,3.5456564,0.22753,0.096829996,76.69
HPE,22186364928,0.8794584,1.31,3.14,-0.03576978238933821,0.48,0.3434532231921575,19.205,8.120193,0.8794584,0.12060001,0.02473,70.88
HOLX,12646453248,2.7381067,0.546,,0.06427320966472008,0.72,0.2840174280673976,20.726,23.844536,2.7381067,0.11766,0.069180004,54.799
HD,360507604992,54.297905,1.056,2.54,-0.06842768665950745,0.34285714285714286,0.2537778222209427,6.68,24.326626,54.297905,3.8537202,0.15585,950.075
HON,137033039872,7.8400555,1.058,2.11,-0.0960256283123274,0.28,0.24638180809079613,27.172,24.514385,7.8400555,0.32676998,0.07409,188.514
HRL,16062958592,2.000274,0.339,3.98,-0.15505512943226274,0.16285714285714287,0.20342636138650236,14.603,21.166666,2.000274,0.09523,0.04913,35.547
HST,10384964608,1.5407887,1.315,5.48,-0.07682056933300972,0.32285714285714284,0.4344433031876087,9.586,15.385418,1.5407887,0.09996,0.03911,83.171
HWM,63542325248,13.425159,1.372,0.25,0.17711100876372196,0.8685714285714285,0.4049971518117357,11.725,51.441177,13.425159,0.28295,0.10203,72.684
HUBB,19039074304,5.8377247,0.965,1.5,0.1606027700212741,0.8542857142857143,0.2789663387987746,61.106,24.102703,5.8377247,0.25917,0.10069,61.442
HUM,30116524032,1.6966174,0.499,1.4,-0.030497078073016878,0.4857142857142857,0.27337518408720474,147.075,17.60974,1.6966174,0.10099,0.047220003,77.075
HBAN,22172647424,1.2021167,0.917,4.14,-0.2987740219255241,0.022857142857142857,0.404857119489858,12.661,11.707693,1.2021167,0.103719994,0.01026,
HII,9088953344,1.9042256,0.303,2.35,-0.10711287534979932,0.2571428571428571,0.2742926526938434,121.64,16.68804,1.9042256,0.12271,0.036259998,71.36
IBM,231605731328,8.616278,0.629,2.65,-0.09067846403125554,0.3,0.23936619767693898,28.922,42.59829,8.616278,0.21851,0.044689998,247.978
IEX,13860167680,3.5552068,1.062,1.53,-0.12648556409222866,0.20857142857142857,0.24114889307326556,51.606,29.122221,3.5552068,0.12724,0.06898,50.344
IDXX,39543451648,27.417196,1.525,,0.14886542976050463,0.8428571428571429,0.35030320538851883,17.934,45.52778,27.417196,0.59330004,0.22982,73.159
ITW,71141261312,21.923878,1.139,2.5,0.0007379744365655173,0.6028571428571429,0.2315736980333345,11.061,21.328056,21.923878,1.07584,0.16544001,254.874
INCY,11416758272,3.1163478,0.68,,-0.20938308600563163,0.08,0.30309499602287693,18.926,294.9,3.1163478,0.0046900003,0.020350002,1.176
IR,32002684928,3.0520604,1.42,0.1,0.1016549969371213,0.7857142857142857,0.3271683548454172,25.989,39.267326,3.0520604,0.081099994,0.05392,46.107
PODD,21859301376,17.999422,1.266,,-0.05572493314497098,0.39714285714285713,0.45117135233500066,17.26,53.656307,17.999422,0.37917998,0.06937,131.457
ICE,102294724608,3.659177,1.134,1.09,0.017781420832179998,0.6342857142857142,0.22903830637176217,48.735,36.84504,3.659177,0.10421,0.020869998,73.534
IP,23369070592,1.070539,0.987,4.2,-0.17536912096573964,0.12571428571428572,0.29897221660331597,41.353,37.83761,1.070539,0.03006,0.0154,57.086
IPG,9287743488,2.5945053,1.081,5.28,0.11929281861821853,0.8114285714285714,0.33548111393565067,9.682,19.175573,2.5945053,0.13577,0.051220004,113.87
INTU,182799990784,10.19092,1.24,0.65,0.11592042439581314,0.8028571428571428,0.37307916360857246,64.163,61.053223,10.19092,0.17424999,0.08257,
ISRG,192294830080,11.24052,1.702,,0.19992280986250816,0.8828571428571429,0.3503719328548992,47.73,78.78268,11.24052,0.15958,0.08841,
IVZ,6637255680,0.62099576,1.434,5.86,-0.20014909476723056,0.09714285714285714,0.43237379372057155,23.881,11.864,0.62099576,0.05092,0.02438,6.111
INVH,21312237568,2.1927223,0.863,3.32,0.07711651836936641,0.7428571428571429,0.261704645608766,15.857,44.576927,2.1927223,0.048070002,0.023740001,83.399
IQV,25775271936,4.3398094,1.347,,-0.06367058249080883,0.3628571428571429,0.2974196344817152,34.331,20.326057,4.3398094,0.2164,0.052950002,242.907
JBHT,13443844096,3.4768221,1.333,1.32,-0.054134789324853765,0.4,0.2986702421136916,38.981,24.641817,3.4768221,0.13971,0.061100002,49.659
JBL,16528983040,12.420746,1.113,0.21,0.30827288840111605,0.9371428571428572,0.344541552453187,12.397,34.68018,12.420746,0.24104,0.0461,242.489
J,14750350336,3.8240607,0.765,1.07,-0.09733647137792376,0.2714285714285714,0.27424469643188787,32.102,40.514854,3.8240607,0.06804,0.05056,66.356
JNJ,371064111104,4.749761,0.411,3.31,-0.10939921269653571,0.25142857142857145,0.1634946383015078,32.469,17.135555,4.749761,0.29447,0.0777,66.896
JCI,60679974912,3.8207662,1.298,1.65,-0.07258731669237133,0.33714285714285713,0.28114097010121303,24.058,43.154926,3.8207662,0.13137001,0.04844,65.788
JPM,703332089856,2.1224778,1.068,2.25,0.022875989493068558,0.64,0.29239941591932905,119.238,12.418057,2.1224778,0.17352,0.01413,
JNPR,12150968320,2.5087996,0.815,2.42,-0.02112358952546721,0.5228571428571429,0.27405867208265083,14.489,34.61905,2.5087996,0.07579,0.02908,39.332
K,28615530496,7.309465,0.309,2.76,-0.0640684499902644,0.36,0.19842376251470506,11.284,20.77582,7.309465,0.38149,0.081199996,155.528
KDP,45553692672,1.8633333,0.527,2.7,-0.1726096129157473,0.13714285714285715,0.19394246231263673,18.0,30.49091,1.8633333,0.06126,0.04058,76.418
KEYS,26633631744,5.1345944,1.107,,-0.057593444547113834,0.38857142857142857,0.29572245990511337,30.016,44.034283,5.1345944,0.122150004,0.05746,38.944
KMB,44148121600,40.099457,0.372,3.77,0.024152127808739845,0.6428571428571429,0.19050421854246674,3.318,18.151434,40.099457,2.0706,0.115430005,595.098
KIM,14084646912,1.3361571,1.282,4.84,-0.1804683817697577,0.11714285714285715,0.4115413448950211,15.582,27.394737,1.3361571,0.05208,0.02163,75.54
KMI,60703846400,1.982865,0.739,4.24,-0.11122409862854243,0.24857142857142858,0.27373155485973133,13.773,23.543104,1.982865,0.0845,0.03728,103.99
KKR,108966469632,4.43443,1.913,0.64,0.043372904086727664,0.68,0.3806126795591125,26.628,36.0,4.43443,0.07145,0.01263,74.627
KLAC,92727394304,23.15414,1.397,0.98,0.21690447657109854,0.8914285714285715,0.4279566231952276,30.284,25.498182,23.15414,1.04097,0.19229001,152.049
KHC,33221965824,0.6753603,0.268,5.67,-0.011453649137213234,0.5485714285714286,0.23657744642538228,41.563,12.817351,0.6753603,0.0535,0.037520003,43.55
KR,47498452992,5.8250933,0.613,1.77,-0.08492367973416702,0.3142857142857143,0.2977482808992479,12.338,19.583107,5.8250933,0.26879,0.056339998,229.201
LHX,41014083584,2.151283,0.717,2.2,-0.2063937007426035,0.08571428571428572,0.2585365799683537,101.981,25.994078,2.151283,0.085209996,0.04059,64.046
LH,20567601152,2.478766,0.805,1.17,-0.10848456613386667,0.2542857142857143,0.25786274853855273,99.134,28.309906,2.478766,0.08981,0.0418,79.126
LRCX,96394485760,10.165925,1.653,1.23,0.407468622574706,0.9742857142857143,0.4592330680299374,7.413,20.991644,10.165925,0.53138,0.17291,47.148
LW,7172926464,4.390981,0.455,2.91,0.3247352059111088,0.9457142857142857,0.3338881659638773,11.576,19.933334,4.390981,0.2164,0.07366,261.312
LVS,28116727808,10.421687,0.982,2.53,0.24160344111344953,0.9057142857142857,0.4666723170331147,3.818,22.229052,10.421687,0.44687,0.06875,456.677
LDOS,20041547776,4.7077675,0.661,1.03,-0.2714783277657329,0.04,0.269068742201877,33.073,15.695564,4.7077675,0.30945998,0.09274,133.333
LEN,28507897856,1.2609392,1.434,1.86,0.2516202575754599,0.9142857142857143,0.39946135579367625,86.158,7.929927,1.2609392,0.15213999,0.08224,16.9
LII,20357629952,23.88526,1.188,0.81,0.09447601660108493,0.7771428571428571,0.3082627921459677,24.019,25.577353,23.88526,1.3148301,0.19844,174.757
LLY,659449970688,44.1581,0.472,0.77,0.20632301709567794,0.8857142857142857,0.305524289730678,16.635,59.867153,44.1581,0.77278,0.16447,243.609
LIN,213077934080,5.6093783,1.007,1.33,0.08251543528975071,0.7514285714285714,0.25134851795196744,80.697,32.8968,5.6093783,0.17013,0.06963,60.555
LYV,31641513984,293.5914,1.473,,0.15553337574904388,0.8457142857142858,0.445766337227081,0.465,46.277966,293.5914,0.68505996,0.04185,393.218
LKQ,10351734784,1.6776838,0.977,3.05,-0.006177184298457672,0.5685714285714286,0.32492566636384135,23.902,14.907063,1.6776838,0.113900006,0.053600002,94.458
LMT,110943838208,16.50931,0.289,2.8,-0.053103496815764956,0.4085714285714286,0.23219838862308545,28.682,20.419146,16.50931,0.82547,0.0832,303.816
L,18537213952,1.0816367,0.695,0.28,-0.02200616958587959,0.5171428571428571,0.2764593523016836,81.728,14.468085,1.0816367,0.07998,0.01654,49.606
LULU,33616041984,7.8470254,1.301,,-0.09625123999707692,0.27714285714285714,0.39541796240226734,35.653,19.109972,7.8470254,0.42417,0.21314,36.443
LYB,18297303040,1.5058855,0.89,9.64,0.048817011264475386,0.6914285714285714,0.36549057236587745,37.805,19.698961,1.5058855,0.07437,0.03849,103.883
MTB,28435408896,1.0826122,0.572,3.11,-0.27153792460342324,0.037142857142857144,0.4039851413431701,163.632,11.849498,1.0826122,0.09405,0.012410001,
MPC,46355521536,2.843708,0.841,2.52,-0.13162930604843973,0.19714285714285715,0.41144504051330427,53.061,20.783747,2.843708,0.15524,0.03469,139.332
MKTX,8596871168,6.412754,0.889,1.33,0.08782520957042028,0.7685714285714286,0.3563674490014821,36.036,40.189564,6.412754,0.16254,0.11063,5.259
MMC,111775350784,7.946266,0.846,1.43,0.04120038035217175,0.6714285714285714,0.21082907449017713,28.548,27.800247,7.946266,0.30532,0.07929,157.128
MLM,32665643008,3.5967474,0.886,0.59,0.13709983371739587,0.8285714285714286,0.32486132770979814,150.65,31.105051,3.5967474,0.1187,0.05786,63.926
CRM,264258338816,4.3312526,1.421,0.6,0.403612887380761,0.9685714285714285,0.4046501498461153,63.589,43.237053,4.3312526,0.10258,0.047259998,19.731
SLB,46675668992,2.4080012,1.066,3.4,-0.11170883197136662,0.24571428571428572,0.4866382855203567,14.348,11.7118635,2.4080012,0.20201,0.08125,68.142
SRE,49167278080,1.617726,0.642,3.4,-0.09234040899774117,0.29714285714285715,0.23227025937069098,46.621,17.063347,1.617726,0.09709,0.01933,99.694
NOW,202851844096,20.00694,0.974,,0.3681744075141297,0.9628571428571429,0.4369550443025258,48.986,132.97964,20.00694,0.16858,0.049200002,23.661
SHW,88176459776,21.247583,1.245,0.9,-0.022409646725290923,0.5142857142857142,0.2781306400829208,16.56,33.257088,21.247583,0.70217,0.09887999,329.968
SPG,61517086720,18.352451,1.462,5.2,-0.09282110397814872,0.29428571428571426,0.43643603413882637,8.892,22.447042,18.352451,0.74901,0.05797,688.571
SWKS,10475351040,1.7125281,1.179,4.19,0.18691952452264732,0.8742857142857143,0.39152092853937687,39.83,20.987692,1.7125281,0.06701,0.04812,20.363
SNA,16506177536,2.9897141,0.768,2.72,0.07013543718496708,0.7314285714285714,0.2819499045305229,105.582,16.526701,2.9897141,0.19538,0.10828,23.477
SO,99402162176,2.9344895,0.377,3.21,0.07353434430476144,0.7371428571428571,0.20367424681180943,30.789,21.666666,2.9344895,0.12244,0.03463,188.378
LUV,17768421376,1.8972862,1.175,2.38,-0.25052273540369424,0.045714285714285714,0.39579001796674584,16.434,35.03371,1.8972862,0.05593,0.009330001,85.371
SWK,9695862784,1.0964344,1.19,5.57,-0.03594903339739715,0.47714285714285715,0.35463666490913276,57.158,26.555084,1.0964344,0.04032,0.02797,81.597
STT,26752923648,1.1706494,1.436,3.32,-0.04385959971821359,0.44857142857142857,0.37736430353229283,80.135,10.564189,1.1706494,0.1122,0.0080699995,
STLD,19563055104,2.2222412,1.455,1.53,-0.09545975150269179,0.2857142857142857,0.42951996524103003,58.729,17.149801,2.2222412,0.13199,0.05924,47.5
STE,22246928384,3.4671626,0.957,1.01,0.13759047962066748,0.8314285714285714,0.2827241387551548,65.307,36.46216,3.4671626,0.096140005,0.05589,36.087
SYK,145574297600,6.9552836,0.937,0.87,0.2332323619930347,0.9,0.2776592797076418,54.767,51.40621,6.9552836,0.14259,0.07486,82.924
SMCI,19091279872,2.9838636,1.356,,1.525084583999328,1.0,0.5782705189694827,10.721,17.38587,2.9838636,0.20062,0.083739996,39.067
SYF,21175949312,1.3783108,1.415,2.23,-0.14183088640251232,0.19428571428571428,0.422928728949709,40.361,7.620548,1.3783108,0.18597999,0.02437,
SNPS,74666000384,8.024394,1.163,,0.40440580439313195,0.9714285714285714,0.3544181583289778,60.179,58.110706,8.024394,0.15951,0.06647,7.147
SYY,34296203264,17.843632,0.812,3.06,-0.15156340730375564,0.1657142857142857,0.32467341215467344,3.965,18.281654,17.843632,0.93613,0.085710004,751.105
TMUS,276834058240,4.538026,0.681,1.4,-0.06533434220766889,0.3485714285714286,0.2591239023321025,53.726,23.78634,4.538026,0.19351,0.055999998,199.152
TROW,20432105472,1.9722682,1.519,5.56,-0.08087090864229743,0.32,0.33211455203758344,47.022,10.526673,1.9722682,0.18447,0.109910004,4.48
TPR,16149240832,12.075851,1.429,1.87,0.08288770290212599,0.7542857142857143,0.4577855854079893,6.46,22.677326,12.075851,0.40273,0.08167,274.983
TRGP,34613669888,14.154174,1.22,2.52,-0.056038141826190636,0.3942857142857143,0.46049022222664043,11.273,29.3849,14.154174,0.41976002,0.074439995,630.027
TGT,43800305664,2.9944398,1.265,4.69,-0.2013214491596825,0.09428571428571429,0.3350702749341791,32.193,10.880362,2.9944398,0.2912,0.06341,135.518
TEL,45336109056,3.7589438,1.228,1.9,-0.002212558238528313,0.5828571428571429,0.28995745994406924,40.671,33.234783,3.7589438,0.1122,0.08149,46.476
TDY,22724886528,2.2892532,1.066,,-0.04249228232559803,0.4542857142857143,0.27609342083385624,211.842,27.743708,2.2892532,0.086210005,0.045500003,29.853
TER,12419716096,4.4466143,1.7,0.64,0.15843536728205845,0.8514285714285714,0.44671615144175325,17.411,21.93201,4.4466143,0.21551001,0.105579995,2.458
TSLA,960683573248,12.864907,2.434,,0.14759720273819443,0.84,0.6461004206691159,23.184,171.4138,12.864907,0.087740004,0.03724,17.407
TXN,156502474752,9.545102,0.955,3.3,0.03148400587783835,0.6542857142857142,0.28321938027912896,18.048,32.688805,9.545102,0.29189,0.10038,78.313
TPL,29912418304,26.398638,1.206,0.48,-0.4680403508042628,0.002857142857142857,0.48402679135986,49.298,65.89367,26.398638,0.39523998,0.2672,
TXT,13072830464,1.7973541,1.205,0.11,-0.11354687161655033,0.24,0.35501646289978306,40.287,16.30856,1.7973541,0.11699,0.04261,56.371
TMO,152179163136,3.081162,0.826,0.42,-0.03661129391850776,0.4714285714285714,0.27513107519118574,130.837,23.64399,3.081162,0.13704,0.050019998,69.231
TJX,143022374912,17.084557,0.937,1.32,-0.03615814544174919,0.4742857142857143,0.30230334760922306,7.498,30.070423,17.084557,0.61982,0.12810001,152.246
TSCO,27271849984,12.185273,0.817,1.81,-0.05375961581613427,0.4057142857142857,0.2979182650557396,4.21,25.522388,12.185273,0.49624002,0.091120005,257.388
TT,90262077440,12.075366,1.147,0.92,-0.040044024254947304,0.45714285714285713,0.2833899175600235,33.517,33.33855,12.075366,0.38632,0.113570005,63.469
TRV,61116985344,2.1682515,0.546,1.64,-0.07560106842140746,0.3314285714285714,0.2518767667118736,124.409,14.6922655,2.1682515,0.16052,0.02691,28.495
TRMB,16252206080,2.9143493,1.677,,-0.14825324881784296,0.17714285714285713,0.3537688803234327,23.374,11.112561,2.9143493,0.30996,0.03192,25.668
TYL,24159940608,6.876174,0.879,,0.23084997223149825,0.8971428571428571,0.33296044163729077,81.477,84.375,6.876174,0.08871,0.04473,18.222
TSN,19699738624,1.0706472,0.619,3.62,-0.21953664839794979,0.07428571428571429,0.28192644943207673,51.651,21.51751,1.0706472,0.051149998,0.03666,48.934
USB,65468420096,1.2303458,0.992,4.84,-0.298582601561588,0.025714285714285714,0.3505335792369406,34.153,10.4009905,1.2303458,0.11526,0.00988,
UBER,173177241600,7.8851647,1.433,,0.3861671190550379,0.9657142857142857,0.5276096581348254,10.502,14.502626,7.8851647,0.69382006,0.05214,48.566
UDR,15943160832,4.2596693,0.843,4.03,0.0042386496987528504,0.6142857142857143,0.28488976161575835,9.928,117.47222,4.2596693,0.02848,0.018029999,136.541
ULTA,17705652224,7.244163,1.057,,-0.10236066909117747,0.26285714285714284,0.36783790933692184,54.136,15.482432,7.244163,0.50386,0.16707,77.289
UNP,129246003200,8.078575,1.068,2.51,-0.062099384774532515,0.36857142857142855,0.2506930639522041,26.777,19.488289,8.078575,0.42468,0.08991,211.385
UAL,25236457472,2.0058148,1.396,,0.08514537280001146,0.76,0.5847738386517353,38.523,7.030937,2.0058148,0.33571997,0.04824,260.978
UPS,81269850112,5.2046247,1.212,6.98,-0.07547770256073005,0.3342857142857143,0.29652039086275817,18.424,13.99854,5.2046247,0.35908002,0.07375,163.185
URI,43705327616,4.972637,1.702,1.1,-0.0024681831625371045,0.5771428571428572,0.41196308438177076,135.22,17.428719,4.972637,0.30173,0.09315,159.21
UNH,345293783040,3.4661617,0.571,2.15,-0.05887247909779023,0.38285714285714284,0.23328161384204654,109.816,15.933027,3.4661617,0.22700001,0.07044,77.277
UHS,11852547072,1.7404875,1.297,0.43,0.008976170629626903,0.6285714285714286,0.3476489013301933,104.442,10.21236,1.7404875,0.18473,0.075679995,73.981
VLO,38502416384,1.6390449,0.947,3.86,-0.20347211957246197,0.09142857142857143,0.47879523881803737,75.001,41.812923,1.6390449,0.03714,0.02456,41.246
VTR,29790181376,2.5953448,0.974,2.91,-0.021723063195669676,0.52,0.35416907085052973,25.434,200.0303,2.5953448,0.01381,0.01915,108.897
VRSK,43312975872,352.10468,0.898,0.58,0.24769472639789303,0.9114285714285715,0.24700717366034328,0.879,46.471474,352.10468,4.68222,0.16698,3178.837
VZ,183870668800,1.8255265,0.383,6.17,-0.03802828432758458,0.46,0.18370857822389153,23.889,10.383334,1.8255265,0.18416001,0.051469997,169.089
VICI,33666781184,1.2651895,0.77,5.46,-0.05848577811460885,0.38571428571428573,0.2817861346260675,25.182,12.744,1.2651895,0.1012,0.04871,65.738
V,675350315008,17.804152,0.955,0.67,0.08765938026949989,0.7657142857142857,0.2603845460767375,19.801,35.466805,17.804152,0.50655,0.16936001,54.594
VST,46176313344,14.90448,1.176,0.65,0.03329214598733004,0.6571428571428571,0.37398888341404923,9.108,21.513472,14.90448,0.41676,0.063,366.143
VMC,35619201024,4.3788877,0.834,0.74,0.11916026012384653,0.8085714285714286,0.30992237727354083,61.575,37.97606,4.3788877,0.120749995,0.059809998,67.823
WRB,27499515904,3.0846808,0.44,0.44,-0.23415015528681155,0.054285714285714284,0.2631566678751664,23.5,16.819025,3.0846808,0.20686,0.03687,34.344
GWW,49819537408,14.326408,1.236,0.87,0.11483323380613845,0.7971428571428572,0.26648575385429213,72.388,26.639097,14.326408,0.5416,0.19601999,69.639
WAB,32962289664,3.1787577,1.123,0.53,-0.05398616549904777,0.40285714285714286,0.320501344672455,60.596,30.143974,3.1787577,0.106800005,0.05728,41.406
WMT,773846073344,8.526845,0.699,0.95,-0.025060190694667892,0.5028571428571429,0.21090324862118465,11.343,40.13278,8.526845,0.21414,0.07124,63.58
DIS,191517278208,1.8357304,1.493,0.98,-0.06442085796813575,0.35714285714285715,0.33069396100717874,57.71,34.396107,1.8357304,0.08894,0.04481,39.432
WM,93660463104,10.826589,0.681,1.4,-0.0010110580811761851,0.5885714285714285,0.1944362648719645,21.498,35.05271,10.826589,0.34013999,0.07004,275.54
WAT,20474701824,10.431434,1.141,,-0.22449719619291922,0.07142857142857142,0.2982072477518627,32.983,31.221415,10.431434,0.40822,0.11609,78.582
WEC,34345203712,2.6468925,0.452,3.26,-0.09638069291657991,0.2742857142857143,0.21081477893571393,40.659,20.978558,2.6468925,0.12579,0.02987,153.016
WFC,235765334016,1.4543812,1.123,2.19,-0.14587101847030245,0.18571428571428572,0.3756008868346755,49.815,13.030575,1.4543812,0.11021,0.01031,
WELL,97556553728,2.8638892,0.926,1.77,0.09546265758994098,0.78,0.34611287855676726,52.09,84.76136,2.8638892,0.0348,0.01729,49.196
WST,15307380736,5.701517,1.142,0.39,0.5299798024685963,0.9828571428571429,0.33543853174559085,37.369,33.44741,5.701517,0.17421,0.1033,11.457
WDC,15385520128,2.9729002,1.481,0.9,0.08159863523690508,0.7485714285714286,0.46795144428754476,14.834,15.102738,2.9729002,0.13558,0.055609997,
WY,19019835392,1.972011,1.167,3.25,-0.06016164926815505,0.37142857142857144,0.31745069352982785,13.291,53.48979,1.972011,0.03706,0.02404,53.8
WSM,19799728128,9.213219,1.566,1.67,-0.0004411978257193621,0.5914285714285714,0.46168722153731484,17.4,18.217045,9.213219,0.52702,0.16951,62.888
WMB,70403440640,5.65405,0.685,3.39,-0.12793151131877162,0.2,0.2844642953033456,10.198,31.0,5.65405,0.16197,0.03995,184.4
WDAY,69325979648,7.6413703,1.296,,0.5025121631074007,0.98,0.41284835938583986,33.918,132.91281,7.6413703,0.06146,0.01812,37.215
XEL,40725094400,2.055664,0.397,3.2,-0.06318210313846812,0.3657142857142857,0.21160108195792132,34.349,20.767647,2.055664,0.102589995,0.02172,163.558
XYL,29895671808,2.764588,1.097,1.32,-0.06454215892862493,0.35428571428571426,0.2956851417409117,44.437,33.113205,2.764588,0.08505,0.04441,19.323
ZBRA,13563350016,3.7614589,1.746,,-0.002323645529452859,0.58,0.3811207572103254,70.906,25.232735,3.7614589,0.16159001,0.06539,65.113
ZBH,18837108736,1.5201252,0.781,1.02,0.0743282359437935,0.74,0.2894988461547202,62.633,21.157778,1.5201252,0.07318,0.044180002,59.058
ZTS,70908280832,14.974615,0.943,1.28,0.12781446880237327,0.8142857142857143,0.25986568482253175,10.636,28.594255,14.974615,0.52085996,0.15108,145.628
