,PE,PB,ROE,ROA,DebtToEquity,Beta,MarketCap,DividendYield,52WeekChange,Momentum_6m,Volatility,Return_6m
MMM,17.425903,16.869198,0.93824,0.05448,312.492,1.06,75307663360,2.12,0.41945446,0.09452581885066591,0.3550289367300076,0.09452581885066591
AOS,19.0,5.2106633,0.27969998,0.13352999,15.945,1.255,9666252800,2.02,-0.20045072,-0.09596493176021093,0.2545301094084355,-0.09596493176021093
ABT,16.997404,4.665122,0.30649,0.063769996,27.087,0.801,227710271488,1.8,0.23588288,0.15872941894205073,0.20624177829213272,0.15872941894205073
ACN,25.127676,6.5340786,0.26965,0.11576,26.706,1.315,190969217024,1.97,-0.0104705095,-0.15366094802695307,0.2676824924828251,-0.15366094802695307
AFL,16.174185,2.1421216,0.14408,0.02341,29.429,0.803,56419270656,2.24,0.24408126,-0.03632737260673913,0.2244452802231344,-0.03632737260673913
A,25.016054,5.161855,0.20614,0.08392999,58.736,1.191,31096184832,0.93,-0.23657227,-0.16318691446627065,0.29602089496486317,-0.16318691446627065
APD,39.497837,4.153635,0.095790006,0.04665,98.306,0.897,60984004608,2.63,0.10692644,-0.11886650440205304,0.2778578929225931,-0.11886650440205304
ARE,41.77778,0.73255074,0.01476,0.013040001,61.193,1.267,13008772096,7.19,-0.39075595,-0.3076925832408125,0.2865694349398481,-0.3076925832408125
ALLE,19.722223,7.5099077,0.42051998,0.11533,133.636,1.021,12066263040,1.47,0.12866211,0.010821986803131178,0.25007290447073927,0.010821986803131178
LNT,22.64684,2.2326467,0.10014,0.02645,151.585,0.517,15648702464,3.35,0.19075716,0.04624078378442653,0.18971862982867407,0.04624078378442653
ALL,13.534494,2.618368,0.19723,0.03111,36.672,0.356,52472365056,2.03,0.172791,0.07209591708581087,0.2589454291798969,0.07209591708581087
GOOGL,18.20056,5.73473,0.34789002,0.16896999,8.254,1.035,1984908099584,0.52,-0.03551781,-0.03704148696654541,0.2993687030292741,-0.03704148696654541
GOOG,18.384212,5.7925963,0.34789002,0.16896999,8.254,1.035,1986574417920,0.52,-0.036688566,-0.035909083272656184,0.2970895386900982,-0.035909083272656184
AMCR,16.410713,3.4471118,0.20796,0.04917,241.41,0.784,20990416896,5.62,-0.09290707,-0.13890205881416284,0.22738535414782127,-0.13890205881416284
AEP,19.39785,2.1408226,0.113859996,0.02861,170.451,0.421,57798860800,3.46,0.2137698,0.1327398928757204,0.1907535574515212,0.1327398928757204
AXP,19.203352,6.173754,0.34273,0.03727,170.351,1.159,192521846784,1.22,0.16366947,0.021929969907206637,0.3170346742354852,0.021929969907206637
AIG,19.760443,1.1465045,0.057540003,0.00754,23.008,0.645,46949945344,1.98,0.030071378,0.05315040381644942,0.24253666586269226,0.05315040381644942
AMT,36.445793,29.828499,0.28421,0.04585,446.681,0.878,105441058816,3.04,0.2326951,0.07632998470207308,0.27303839365153015,0.07632998470207308
AWK,26.81421,2.7252533,0.10428,0.03475,137.735,0.671,28707717120,2.26,0.1373204,0.09697773696517031,0.22838604402206547,0.09697773696517031
AMP,15.99898,8.2815,0.58108,0.022219999,69.701,1.225,44935614464,1.36,0.12311733,-0.07828714016642968,0.2944852127393434,-0.07828714016642968
AME,27.834425,3.9283233,0.14964,0.07637,19.368,1.141,39178534912,0.74,0.0042027235,0.01702100551241159,0.249322249342975,0.01702100551241159
APH,38.51214,9.313807,0.27526,0.118219994,69.096,1.178,96136560640,0.84,0.28228962,0.15985655511239427,0.37846589144948234,0.15985655511239427
ADI,63.186302,2.8058972,0.04429,0.02616,21.725,1.059,98404114432,2.04,-0.029504597,-0.14929235003173802,0.4231296438434383,-0.14929235003173802
AON,30.915731,11.036222,0.72012,0.06008,254.468,0.816,77240655872,0.85,0.25563455,-0.03395520585883405,0.21710286808724288,-0.03395520585883405
APA,7.2709246,1.1422145,0.22242,0.07467,100.865,2.745,5969264128,6.17,-0.44565958,-0.27265478051057723,0.5005696736184272,-0.27265478051057723
APO,18.19891,4.7664585,0.22670001,0.01844,103.066,1.648,76204720128,1.34,0.25972962,-0.07998159185282894,0.4345662754902793,-0.07998159185282894
AMAT,20.052221,6.7001095,0.35186002,0.15558,35.372,1.603,124790947840,1.24,-0.27012593,-0.1883239560112776,0.48042457398007987,-0.1883239560112776
ADM,13.131507,1.0334865,0.07587,0.0233,51.438,0.651,23013877760,4.29,-0.1958763,-0.131153410755676,0.2668655994813095,-0.131153410755676
AIZ,13.243262,1.9075444,0.15332,0.01893,42.013,0.522,9747815424,1.67,0.08831215,-0.006158673200971632,0.24320692807902614,-0.006158673200971632
T,16.93865,1.9149674,0.10885,0.041739997,119.246,0.589,198670516224,4.02,0.64035606,0.27399552751246947,0.22805789726617445,0.27399552751246947
ATO,23.104586,2.0028815,0.09009,0.03504,66.587,0.68,25598064640,2.17,0.3424405,0.16166106352584486,0.16788097174215513,0.16166106352584486
ADP,30.755882,20.851084,0.76289004,0.055710003,72.864,0.749,122087047168,2.06,0.2348175,0.05452806556172618,0.190262775525602,0.05452806556172618
AVB,26.258385,2.5221937,0.096920006,0.02931,69.681,0.874,30093959168,3.35,0.08396864,-0.05637641732561827,0.2142753529614218,-0.05637641732561827
AVY,19.71922,6.20173,0.31949,0.08647,159.369,0.86,13396170752,2.22,-0.2353419,-0.16127188990753882,0.2174184691687901,-0.16127188990753882
BKR,12.5716715,2.140574,0.18035999,0.05787,35.011,1.066,36494274560,2.54,0.1337719,0.0035340632040781195,0.36086180896248676,0.0035340632040781195
BALL,37.846714,2.559609,0.08805,0.04004,101.467,1.016,14641350656,1.56,-0.25324392,-0.1749792320917991,0.25876096257676484,-0.1749792320917991
BDX,32.957127,1.9318582,0.058870003,0.0312,76.344,0.376,48735195136,2.45,-0.27756947,-0.27871893417647486,0.2779804886007007,-0.27871893417647486
BBY,16.079462,5.181066,0.31633,0.072859995,144.836,1.443,14546504704,5.67,-0.09977174,-0.21704144493560007,0.4380526139659153,-0.21704144493560007
TECH,52.22959,3.8888469,0.07825,0.05683,19.01,1.451,8091734528,0.64,-0.35787296,-0.2748076498808969,0.3841798125092759,-0.2748076498808969
BMY,18.65485,5.8507895,0.31986,0.07237,293.85,0.411,101743820800,5.0,0.12775636,-0.026767101746398292,0.3000148384849856,-0.026767101746398292
AVGO,95.01395,3.449452,0.14845,0.069759995,166.032,1.068,960514359296,1.2,0.5439203,0.14441709460836272,0.630337307198947,0.14441709460836272
BR,34.79805,11.401339,0.33918,0.09024,144.13,1.069,27161686016,1.54,0.14664316,0.09816482505189938,0.2226303136897793,0.09816482505189938
BRO,30.662954,4.6316323,0.16519,0.05683,59.026,0.75,31549808640,0.55,0.30562878,0.05093320869330675,0.21425370472446623,0.05093320869330675
BF-B,16.454546,4.251978,0.27985,0.0896,74.889,0.695,16282322944,2.65,-0.28714526,-0.2556480131129534,0.32235803313019445,-0.2556480131129534
BG,9.907385,1.0697731,0.10438,0.03886,65.02,0.569,10604907520,3.47,-0.22412258,-0.08315757587967976,0.27363174879500657,-0.08315757587967976
CHRW,21.95346,6.4145746,0.3211,0.0887,99.658,0.873,10875110400,2.75,0.111822605,-0.13783620568520794,0.2917249081419527,-0.13783620568520794
CPB,20.800404,2.7425272,0.13423,0.064959995,205.496,0.183,10729990144,4.35,-0.20031196,-0.21543665975268866,0.24435201700106285,-0.21543665975268866
CARR,46.399998,4.353537,0.11125,0.04145,81.85,1.208,60133560320,1.29,0.124174595,-0.06386579267155135,0.33253072881089024,-0.06386579267155135
CAT,15.55439,8.381479,0.55646,0.09349,213.547,1.198,149966995456,1.8,-0.067676306,-0.17015068475525463,0.303108850781654,-0.17015068475525463
CBOE,30.142857,5.3162913,0.1851,0.09678,37.37,0.468,22757058560,1.14,0.23120165,0.024127020193213777,0.22580868996936235,0.024127020193213777
CDW,20.808031,9.346785,0.49043998,0.07495,271.148,0.97,21852237824,1.54,-0.26033884,-0.2406538187284557,0.31012553451045277,-0.2406538187284557
COR,41.137394,248.4431,1.98149,0.02861,2689.426,0.544,56260063232,0.76,0.296852,0.2490642003204555,0.1879770508861933,0.2490642003204555
CNP,26.196012,2.3100815,0.092209995,0.02971,202.529,0.636,25306329088,2.28,0.31069613,0.3348024017212752,0.20540531517883504,0.3348024017212752
CF,11.772256,2.70396,0.18503,0.07745,42.756,0.826,13208325120,2.51,0.07463896,-0.012987678560649973,0.31595813669836953,-0.012987678560649973
CVX,14.204733,1.6035447,0.11266,0.056160003,19.334,0.913,241169645568,5.02,-0.14970356,-0.050461292357365184,0.25037912609140833,-0.050461292357365184
CB,13.736639,1.7396103,0.12855,0.0271,29.874,0.477,114331140096,1.28,0.13981652,-0.00013389959028009546,0.21241148678310565,-0.00013389959028009546
CHD,39.87983,5.018634,0.13354999,0.08206,48.455,0.547,22868541440,1.28,-0.12939405,-0.07163310633874842,0.2049745137232894,-0.07163310633874842
CI,28.574198,2.312689,0.086260006,0.03925,77.521,0.516,93967392768,1.8,-0.018506587,0.1306934796435817,0.26788737120868145,0.1306934796435817
CINF,15.335333,1.6022537,0.10974,0.03222,6.4,0.546,21980250112,2.49,0.19582689,0.0019444201339078315,0.25082353506260213,0.0019444201339078315
CTAS,48.716434,18.499912,0.40296,0.15531999,58.617,1.194,84978999296,0.74,0.24354637,0.010011300801981982,0.2521511683137939,0.010011300801981982
CSCO,25.774122,5.133211,0.20019,0.065560006,71.21,0.854,233784197120,2.82,0.23344648,0.06987412195060982,0.2275029767381386,0.06987412195060982
CLX,38.049046,-419.33932,2.7610598,0.11265001,2555.372,0.603,17202251776,3.52,0.0022426844,-0.0949722432812562,0.2128245669065729,-0.0949722432812562
CME,28.003016,3.7072077,0.13387,0.01762,14.045,0.447,100406829056,3.9,0.3345052,0.2697650750171443,0.17430555437970188,0.2697650750171443
CMS,21.661242,2.699867,0.11234,0.03091,190.138,0.341,21900361728,2.97,0.18534768,0.0694928108406605,0.17004972020223685,0.0694928108406605
KO,28.708836,11.741952,0.38776,0.08894,176.951,0.454,307671433216,2.86,0.14669454,0.10675295774115523,0.16529975270089953,0.10675295774115523
CTSH,16.077896,2.5270507,0.16605,0.10094,7.913,1.033,37645983744,1.65,0.13554716,0.01869924424697733,0.24995650563361335,0.01869924424697733
CL,25.866856,203.81696,4.51259,0.16023001,1128.104,0.396,73999441920,2.29,-0.023578823,-0.025113053542040187,0.20303562941261263,-0.025113053542040187
CMCSA,8.417487,1.4769436,0.18049,0.05451,113.542,0.943,127599198208,3.9,-0.12587231,-0.1734048030292965,0.2817543535523177,-0.1734048030292965
CAG,35.617645,1.3169484,0.03658,0.05133,92.778,0.267,11561706496,5.79,-0.20954561,-0.14339992031849935,0.23996063917428315,-0.14339992031849935
COP,11.797695,1.8142796,0.16209,0.08403,39.12,0.841,116480622592,3.44,-0.2583654,-0.08584042722537633,0.3213808664096688,-0.08584042722537633
CEG,20.439024,5.777387,0.30115,0.05151,66.438,1.021,76140601344,0.64,0.23480964,-0.0798993103892972,0.695759944920023,-0.0798993103892972
GLW,86.77885,3.4108088,0.048660003,0.03524,65.034,1.021,38517075968,2.5,0.3279953,-0.0688141298609044,0.3405839168517933,-0.0688141298609044
CTVA,51.504097,1.8109112,0.035,0.02911,13.229,0.727,42917244928,1.1,0.085024476,0.039276662517169436,0.2598238203862254,0.039276662517169436
COST,59.28806,17.56805,0.32894,0.087349996,31.431,0.939,449291157504,0.52,0.3429762,0.14443895217415958,0.2215727124327546,0.14443895217415958
CTRA,16.816,1.4128718,0.08565,0.04121,28.957,0.455,19273558016,3.54,-0.11706281,0.07684580248768302,0.2825077810163437,0.07684580248768302
CSX,16.979166,4.403365,0.26121,0.07445,162.012,1.223,53585637376,1.85,-0.16957164,-0.13577190961318064,0.25079507831916725,-0.13577190961318064
CMI,10.65333,4.043115,0.38356,0.07453,67.978,1.069,41630756864,2.47,0.05036688,-0.0784001018412761,0.3037177337778734,-0.0784001018412761
CVS,16.619331,1.142344,0.06934,0.02307,105.321,0.569,87905837056,3.83,0.24239719,0.2666133915182882,0.3769755506968952,0.2666133915182882
DHR,39.030098,2.8287456,0.07219,0.03928,34.562,0.895,143853256704,0.65,-0.20802802,-0.1695294634674489,0.28581504215641845,-0.1695294634674489
DRI,22.737316,10.720246,0.48222,0.07198,357.83,0.934,23601803264,2.8,0.33909547,0.263974456762478,0.3013858027543382,0.263974456762478
DE,21.640303,5.894632,0.27745,0.0496,289.674,1.012,132505731072,1.35,0.19717681,0.2111787407442065,0.28872233237358963,0.2111787407442065
DAL,7.6897163,1.8211211,0.27521,0.04735,151.356,1.233,28318658560,1.45,-0.19495636,-0.2417911843270404,0.46991486877916405,-0.2417911843270404
DVN,6.971842,1.4277451,0.21857001,0.093100004,62.949,1.549,20452458496,3.08,-0.38345867,-0.1550405508656042,0.39677938300686333,-0.1550405508656042
FANG,8.853831,1.0602695,0.1292,0.06336,32.861,1.423,40436412416,4.61,-0.33086848,-0.20771124014837483,0.385966611399011,-0.20771124014837483
DLR,156.74286,2.6950727,0.01849,0.00999,78.944,0.94,56467066880,3.01,0.10122454,-0.08612388583931618,0.29480801184918853,-0.08612388583931618
DFS,10.000802,2.6293492,0.28472,0.03185,76.665,1.192,47088050176,1.53,0.4599328,0.25066665062040894,0.4454582111541027,0.25066665062040894
DG,17.894325,2.7127092,0.15890001,0.03917,235.555,0.398,20111955968,2.61,-0.34140664,0.16230001733962118,0.46607908840452067,0.16230001733962118
DOV,22.938164,3.3133247,0.16876,0.06711,41.649,1.238,23649753088,1.21,-0.05128777,-0.09548923322817038,0.272459406373948,-0.09548923322817038
DOW,77.0375,1.2974737,0.020599999,0.01827,103.62,1.042,21781952512,9.17,-0.46476156,-0.35535422657758975,0.3441397589520416,-0.35535422657758975
DHI,9.571212,1.6028316,0.17649001,0.098900005,26.598,1.617,38809243648,1.27,-0.15443158,-0.24088211070950938,0.3423200477384018,-0.24088211070950938
DTE,18.367756,2.4069664,0.123380005,0.028299998,198.573,0.494,28206137344,3.18,0.2047894,0.11569693882848586,0.18861515614510552,0.11569693882848586
DUK,21.346493,1.9208912,0.09077,0.027309999,166.689,0.372,94544158720,3.45,0.21015358,0.08357368870802051,0.17487116159830599,0.08357368870802051
DD,37.539547,1.189449,0.03207,0.03112,31.846,1.243,27807098880,2.48,-0.1496073,-0.19602502648274522,0.3127988386408653,-0.19602502648274522
EMN,9.885988,1.5255255,0.16032,0.059520002,86.003,1.401,8960273408,4.36,-0.21825641,-0.24420108428439435,0.3103414884413121,-0.24420108428439435
ETN,30.466843,6.1509933,0.20201999,0.07605,53.883,1.078,113391656960,1.38,-0.058783174,-0.15315870109912855,0.38564540832650435,-0.15315870109912855
EBAY,16.550482,6.4952826,0.36479,0.06932,142.364,1.426,31729108992,1.71,0.36294055,0.09989126847075025,0.2890351012364966,0.09989126847075025
ECL,34.71837,10.878165,0.24774,0.07764,103.915,1.148,72377466880,1.03,0.110417604,0.010842721931023869,0.20754185738529896,0.010842721931023869
EIX,7.7185287,1.4019268,0.15001,0.02796,210.459,0.743,20996571136,6.07,-0.2457838,-0.3243501812890218,0.308832955555313,-0.3243501812890218
EA,38.50382,5.339638,0.14038,0.07121,30.747,0.786,39436718080,0.52,0.11994445,0.04621071447894476,0.28592850509902706,0.04621071447894476
ELV,16.034267,2.1859686,0.14175001,0.0493,70.397,0.782,93030998016,1.68,-0.2251594,0.011223961879645472,0.2744446337293729,0.011223961879645472
EMR,30.22753,2.961526,0.07704,0.04448,31.298,1.275,60681281536,1.99,-0.0068519115,-0.0036772652640626458,0.319653188951378,-0.0036772652640626458
ETR,26.951456,2.3624861,0.08853,0.03204,199.493,0.547,35874861056,2.88,0.54274607,0.2511891301012097,0.27189918974129024,0.2511891301012097
EQT,84.77869,1.4941782,0.022969998,0.0125,34.392,1.356,30957942784,1.25,0.25055873,0.3929718441455943,0.3737970197170872,0.3929718441455943
EFX,53.844894,6.578567,0.12519,0.05641,97.097,1.651,32768663552,0.77,0.14780891,-0.014134168839168848,0.3416986866168666,-0.014134168839168848
EQIX,91.4347,6.1627474,0.07059,0.031570002,141.235,0.945,85593956352,2.18,0.2310692,-0.0289666694202515,0.2732066039911063,-0.0289666694202515
EQR,27.346756,2.4673197,0.08901,0.02643,70.333,0.866,28058124288,3.92,0.07146108,-0.016191425012597294,0.22453746694040677,-0.016191425012597294
ERIE,30.431122,9.05175,0.3238,0.16288,0.615,0.46,18712985600,1.55,-0.09968972,-0.21347893413191776,0.33160572135826116,-0.21347893413191776
ESS,27.78161,3.3512428,0.12810999,0.028299998,118.416,0.798,20027146240,3.61,0.1364708,-0.011396571500374542,0.23914988947788735,-0.011396571500374542
EG,17.270203,1.0277843,0.06122,0.01207,25.368,0.429,14586972160,2.37,-0.08729881,-0.0825684603018062,0.26510136204234686,-0.0825684603018062
EVRG,18.168865,1.5908146,0.090050004,0.02868,142.309,0.505,15838694400,3.9,0.26487982,0.17335553781017454,0.15673754148338853,0.17335553781017454
EXC,17.33829,1.6978523,0.10099,0.027590001,174.847,0.47,47084945408,3.43,0.24565625,0.20274880264848538,0.1924119744970845,0.20274880264848538
EXPE,18.005022,13.344776,0.43832,0.04724,235.584,1.657,20579424256,1.01,0.369635,0.019792776087194097,0.4560100442495576,0.019792776087194097
EXPD,19.494757,6.9226475,0.35157,0.14029,25.561,1.025,15361282048,1.33,-0.046537936,-0.06301086832375768,0.2416499890721131,-0.06301086832375768
EXR,35.003487,2.3002567,0.063930005,0.03329,89.633,0.973,33350965248,4.37,0.045182228,-0.07138942266234527,0.2576149081192117,-0.07138942266234527
XOM,13.804847,1.7865633,0.14515,0.062459998,17.852,0.579,468126138368,3.74,-0.08810347,-0.06507672977749845,0.23812035132478146,-0.06507672977749845
FDS,30.924822,8.0536375,0.28119,0.10808,80.856,0.822,16546453504,0.97,0.0038294792,-0.0524981362164294,0.22183166926039014,-0.0524981362164294
FAST,40.6475,12.637183,0.32351002,0.20121,13.435,1.039,46632517632,2.18,0.17945349,0.05535581421586877,0.25367702111110935,0.05535581421586877
FRT,28.102339,2.7337372,0.091529995,0.031059999,133.197,1.103,8302789120,4.62,-0.06616998,-0.1271182373519648,0.22639119429167798,-0.1271182373519648
FIS,55.690144,2.6749654,0.04546,0.026889998,73.51,1.078,41581686784,2.06,0.098840475,-0.11564661080736505,0.27142383033666106,-0.11564661080736505
FE,22.88032,1.9755212,0.09274,0.02962,178.805,0.392,24825075712,4.16,0.089449525,0.027339987341722605,0.20140977151924191,0.027339987341722605
F,7.0856166,0.91451555,0.13448,0.01164,358.603,1.433,41137410048,7.37,-0.1810137,0.04017519214080578,0.3783574140860437,0.04017519214080578
FTV,29.97149,2.2690597,0.07695,0.041020002,39.337,1.171,23225835520,0.48,-0.12223977,-0.08294076162020814,0.26486983217823323,-0.08294076162020814
FOXA,10.802575,1.989802,0.20055,0.08124,68.766,0.52,22018412544,1.1,0.53285575,0.2044751332255379,0.25395359944671136,0.2044751332255379
FOX,10.028971,1.8473063,0.20055,0.08124,68.766,0.52,21934510080,1.18,0.55070996,0.21179035371199606,0.25293629379325233,0.21179035371199606
BEN,30.234377,0.81357217,0.04018,0.02474,24.264,1.388,10166452224,6.83,-0.19846022,-0.042990782548478434,0.3370566845415899,-0.042990782548478434
FCX,30.90164,2.9840114,0.14062001,0.07496,32.19,1.708,52779999232,1.65,-0.27829534,-0.1839688084393697,0.45284686746850866,-0.1839688084393697
GRMN,24.934036,4.452926,0.19036,0.1105,2.181,0.938,36390248448,1.93,0.12538409,0.1447672684079715,0.4031856281045131,0.1447672684079715
GE,32.603477,11.431895,0.27197,0.03718,106.4,1.055,220081569792,0.71,0.24069226,0.18948907523990832,0.343647582776734,0.18948907523990832
GEHC,14.723969,3.4927788,0.26444,0.05867,97.515,1.309,32088430592,0.21,-0.1484837,-0.17414088378419068,0.32963544140785633,-0.17414088378419068
GEN,25.439314,7.430727,0.28059,0.07944,396.606,1.004,15991839744,1.95,0.27808285,-0.032930515610659405,0.3050684564368041,-0.032930515610659405
GD,19.08599,3.3186226,0.18228,0.055999998,51.775,0.429,73867943936,2.21,-0.057715,-0.07864238876076945,0.22134312440026047,-0.07864238876076945
GIS,12.268131,3.2992492,0.26834,0.07201,149.142,0.142,30567088128,4.32,-0.20497781,-0.16078470711522874,0.21817987397286975,-0.16078470711522874
GM,6.3638268,0.6993431,0.08557,0.02755,199.738,1.277,44028592128,1.33,0.004235387,-0.1132389888906663,0.36946412625376446,-0.1132389888906663
GPC,19.459017,3.7020864,0.19131,0.04816,136.683,0.832,16474372096,3.52,-0.2567181,0.023855779371266372,0.32846098560379317,0.023855779371266372
GILD,22.006302,6.8356824,0.32654998,0.11996,131.104,0.343,130413740032,3.06,0.5938561,0.20755729516994892,0.2550126467180183,0.20755729516994892
GPN,12.647728,0.8696769,0.07026,0.03258,74.632,0.975,19156199424,1.31,-0.31238216,-0.208212043922402,0.3864661979109031,-0.208212043922402
GS,13.137851,1.6684693,0.12255,0.008590001,535.484,1.323,175941337088,2.17,0.2639326,0.08887838561553196,0.33921499367550506,0.08887838561553196
HAL,8.4916315,1.6854912,0.21004,0.09115,82.371,1.464,17447915520,3.41,-0.4573918,-0.24999521054547358,0.38433564635508094,-0.24999521054547358
HIG,12.3668995,2.1419814,0.18495001,0.03079,25.92,0.673,35240136704,1.71,0.24453521,0.10905056545103631,0.2340072244887996,0.10905056545103631
HAS,20.349834,7.1982255,0.39041,0.083459996,278.205,0.496,8640168960,4.61,-0.012524426,-0.03152500659371016,0.3629168268221156,-0.03152500659371016
DOC,43.865856,1.5345564,0.0332,0.017439999,103.846,0.994,12564536320,6.86,-0.06273061,-0.1723030573248966,0.2269479565766789,-0.1723030573248966
HSY,20.469213,7.1918135,0.37483,0.109589994,126.481,0.269,33667999744,3.28,-0.15556788,-0.062173622801766526,0.2668838199566255,-0.062173622801766526
HES,18.282549,3.5357459,0.22753,0.09994,76.69,0.888,40828923904,1.54,-0.18299133,-0.013312493164459593,0.2867935106330764,-0.013312493164459593
HPE,8.072116,0.87425154,0.12060001,0.02473,70.88,1.218,22055010304,3.17,-0.026690364,-0.1438715408571246,0.478173368110179,-0.1438715408571246
HD,24.354124,54.359283,3.8537202,0.15585,950.075,1.091,360915140608,2.57,0.045063496,-0.07100024998767251,0.23115622396774002,-0.07100024998767251
HON,24.453447,7.829567,0.32676998,0.07409,188.514,1.002,136849711104,2.14,0.076247334,0.045076562326576974,0.24190452633324208,0.045076562326576974
HRL,21.40942,2.0232143,0.09523,0.04913,35.547,0.313,16247180288,3.95,-0.16434461,-0.021360730670565986,0.23437089232498184,-0.021360730670565986
HST,15.489584,1.5512204,0.09996,0.03911,83.171,1.283,10455066624,5.51,-0.2209115,-0.12967957390426021,0.28915123228423156,-0.12967957390426021
HWM,49.545753,12.9304905,0.28295,0.101969995,69.366,1.066,61320785920,0.27,0.87641025,0.5147018992326058,0.38747218922116006,0.5147018992326058
HUBB,23.54395,5.712095,0.25917,0.10083,56.846,0.941,18655062016,1.54,-0.09679115,-0.20368896277189696,0.3443518424131972,-0.20368896277189696
HUM,18.062853,1.7390448,0.10099,0.047220003,77.075,0.63,30869649408,1.38,-0.20122296,0.0030778377563991377,0.41719379808090046,0.0030778377563991377
HII,16.446686,1.8766853,0.12271,0.036259998,71.36,0.33,8956702720,2.37,-0.07614833,-0.08768601064499959,0.44132907515264036,-0.08768601064499959
IBM,41.6767,8.42987,0.21851,0.044689998,247.978,0.662,226595078144,2.8,0.44626153,0.1754904910107884,0.2745098570115105,0.1754904910107884
IEX,28.328299,3.4527962,0.12724,0.06903,49.663,1.047,13460824064,1.57,-0.20492697,-0.12154811076197869,0.26795080196129395,-0.12154811076197869
ITW,21.31294,21.932695,1.07584,0.16532,254.874,1.139,71028318208,2.51,-0.019186616,-0.04195435049359619,0.21784442725739428,-0.04195435049359619
ICE,35.939957,3.5619164,0.10421,0.020869998,73.534,1.103,99727106048,1.12,0.30911875,0.04430011849238791,0.18873910318893888,0.04430011849238791
IFF,82.54737,1.4450772,0.0173,0.015149999,69.161,1.233,20054738944,2.06,-0.10145432,-0.21571405828792178,0.26694969850383893,-0.21571405828792178
IP,38.495728,1.0891593,0.03006,0.021930002,55.804,0.948,23775535104,4.22,0.20975745,-0.03041037509893585,0.34616895326063746,-0.03041037509893585
IPG,19.377863,2.6218755,0.13577,0.051220004,113.87,1.002,9385722880,5.29,-0.1878255,-0.13528039088277255,0.2746008377946043,-0.13528039088277255
IVZ,11.468,0.600268,0.05092,0.02438,6.111,1.238,6415715328,6.03,-0.061994612,-0.18342977363150104,0.374973454122108,-0.18342977363150104
INVH,45.519234,2.2390742,0.048070002,0.023659999,83.07,0.861,21760446464,3.3,0.02093637,0.08802782083598548,0.22455389228646788,0.08802782083598548
JBHT,24.123634,3.4037094,0.13971,0.061100002,49.659,1.266,13161139200,1.36,-0.21599418,-0.2648470828319842,0.318078536703132,-0.2648470828319842
JBL,33.842342,12.120673,0.24104,0.0461,242.489,1.121,16129658880,0.22,0.25900018,0.18391869769718094,0.4062572238809191,0.18391869769718094
JKHY,31.76937,6.5062733,0.21903,0.112959996,10.412,0.716,12853322752,1.33,0.05914235,-0.031111177621938824,0.21214713579462235,-0.031111177621938824
J,34.339725,3.6634126,0.0817,0.04547,60.421,0.727,15359664128,1.03,0.004639387,-0.11534183497745865,0.23940641505702573,-0.11534183497745865
JNJ,17.263626,4.7799435,0.29447,0.0777,66.896,0.48,373422063616,3.37,0.034769177,-0.010532959540043296,0.1853656805143855,-0.010532959540043296
JCI,41.593895,3.6808758,0.08182,0.03691,65.324,1.233,58485014528,1.7,0.39868546,0.15668727656982262,0.31952590778735623,0.15668727656982262
K,20.828716,7.328075,0.38149,0.081199996,155.528,0.35,28545912832,2.75,0.36836886,0.04121891779780151,0.2143051223332647,0.04121891779780151
KDP,31.195452,1.9063888,0.06126,0.04058,76.418,0.548,46605942784,2.7,0.006207466,0.056048582081386744,0.18854073362525764,0.056048582081386744
KMB,17.84605,39.478603,2.0706,0.115430005,595.098,0.393,43464581120,3.88,-0.04570502,-0.01091662515441516,0.1910488956283693,-0.01091662515441516
KIM,27.868422,1.3592607,0.05208,0.02163,75.508,1.248,14391789568,4.77,0.09685862,-0.08734601181881552,0.23524839853207022,-0.08734601181881552
KMI,22.98276,1.9356712,0.0845,0.03728,103.99,0.726,59259043840,4.45,0.41626275,0.12190986023310413,0.2531110892920796,0.12190986023310413
KKR,36.107033,4.4340544,0.081520006,0.01449,82.822,1.769,108957237248,0.61,0.20503104,-0.1529232899212346,0.46662701351235825,-0.1529232899212346
KLAC,25.43336,23.125828,1.04097,0.19229001,146.909,1.364,92808282112,1.01,-0.029113233,0.008778277393459932,0.48828688686999916,0.008778277393459932
KHC,13.13242,0.6919616,0.0535,0.037520003,43.55,0.418,34038609920,5.61,-0.21595597,-0.1528273166304065,0.22589687233944478,-0.1528273166304065
KR,19.74523,5.8733177,0.26879,0.056339998,229.201,0.593,47891681280,1.77,0.31763422,0.3099289057227943,0.23183722797017098,0.3099289057227943
LHX,26.668646,2.2018807,0.085209996,0.04059,64.046,0.717,41978724352,2.18,0.036138296,-0.07250612422968306,0.21793244520780986,-0.07250612422968306
LH,28.21074,2.4643915,0.08981,0.0418,79.126,0.973,20448327680,1.19,0.19849002,0.07737341624155314,0.23994423278123747,0.07737341624155314
LRCX,20.849583,10.097126,0.53138,0.17291,47.148,1.531,95742132224,1.28,-0.2104829,-0.03662033735226966,0.5193357025908354,-0.03662033735226966
LW,20.596079,4.536973,0.2164,0.07366,261.312,0.471,7411412480,2.84,-0.38751763,-0.31847017677798295,0.4940887485252801,-0.31847017677798295
LVS,20.960894,9.827134,0.44687,0.06875,456.677,0.99,26512680960,2.72,-0.2146362,-0.2908451528345086,0.3588532536900428,-0.2908451528345086
LDOS,16.0,4.385647,0.28699,0.08794,121.39,0.67,18914129920,1.09,0.03486979,-0.19706841090100224,0.2961036705823073,-0.19706841090100224
LEN,7.9802923,1.2689478,0.15213999,0.08224,16.9,1.53,28663373824,1.85,-0.29310393,-0.33024460123235944,0.3239072674251504,-0.33024460123235944
LII,25.124943,23.483702,1.3148301,0.19844,174.757,1.079,20015378432,0.83,0.21426547,-0.07280451572363511,0.3376395019875268,-0.07280451572363511
LIN,32.882607,5.637579,0.16721001,0.06903,57.255,0.947,213605138432,1.32,0.05771959,-0.037785133722758824,0.18299997023891054,-0.037785133722758824
LKQ,14.39591,1.6201572,0.113900006,0.053600002,94.458,1.086,9996780544,3.15,-0.1304447,0.0519036207491399,0.2980714562340258,0.0519036207491399
LMT,20.92076,16.936756,0.82547,0.0832,303.816,0.388,113816313856,2.76,0.03422749,-0.09803299345202421,0.22982182057694794,-0.09803299345202421
L,13.669268,1.1023048,0.0867,0.01751,52.127,0.604,18430167040,0.29,0.12971199,0.09199934284609901,0.213945008470295,0.09199934284609901
LYB,20.475431,1.5652426,0.07437,0.03849,103.883,0.915,19018522624,9.19,-0.41172314,-0.2989511646179095,0.3007683658578601,-0.2989511646179095
MPC,13.92758,2.5000446,0.18127,0.04366,117.351,1.018,43735838720,2.64,-0.24557656,-0.029177013454994905,0.35497997804374226,-0.029177013454994905
MKTX,30.702608,6.0594516,0.20448999,0.111999996,5.238,1.116,8315070976,1.36,0.098861694,-0.23026919256313794,0.295559651629148,-0.23026919256313794
MMC,27.838652,7.9474916,0.30532,0.07929,157.128,0.845,111792586752,1.46,0.12410295,0.026905576259303787,0.1747218791435427,0.026905576259303787
MLM,30.2248,3.5029871,0.1187,0.05786,63.926,0.807,31814111232,0.6,-0.11530715,-0.09350170558578297,0.25910275403069905,-0.09350170558578297
MA,39.30098,76.50048,1.8770399,0.23363,280.795,1.064,509321641984,0.56,0.23231435,0.10751323406494762,0.2102472115489615,0.10751323406494762
MKC,26.156897,3.7512982,0.14659001,0.05165,79.045,0.749,20345069568,2.4,-0.00450629,-0.009456867761771348,0.21788673559957977,-0.009456867761771348
MDT,25.617378,2.1833181,0.08442,0.04656,53.627,0.814,107765424128,3.35,0.022891402,-0.05009809322570635,0.21374863147609083,-0.05009809322570635
META,22.813332,7.957307,0.39835,0.17879999,26.763,1.279,1473180729344,0.37,0.26606333,-0.013329887272379937,0.36120599196129327,-0.013329887272379937
MET,12.689544,1.9018931,0.15982,0.0062599997,133.785,0.878,52218118144,3.0,0.07444692,-0.050299062463098565,0.2924239428632856,-0.050299062463098565
MCHP,83.771935,4.2573113,0.0471,0.025209999,112.476,1.505,25680857088,3.96,-0.49671626,-0.3905622472265661,0.5706267820366631,-0.3905622472265661
MU,19.243446,1.8491402,0.101009995,0.055219997,30.891,1.183,89894649856,0.59,-0.32197034,-0.25833517941628237,0.6344423928869061,-0.25833517941628237
MSFT,33.446247,9.987529,0.3361,0.14581999,32.626,1.0,3214276296704,0.78,0.046082735,0.008043499047639013,0.2578418197284476,0.008043499047639013
MAA,34.089397,3.222111,0.09368,0.03492,82.207,0.785,19672629248,3.74,0.21857142,0.11693735259677074,0.21196789291736465,0.11693735259677074
TAP,10.830841,0.8993342,0.08611,0.043169998,47.234,0.696,11752926208,3.28,-0.010371625,0.05220334183344133,0.2563569386625686,0.05220334183344133
MDLZ,25.327135,3.4212112,0.13302,0.03663,78.051,0.481,88216084480,2.77,-0.02890259,0.001787966401551211,0.20925135239350703,0.001787966401551211
MCO,39.675884,22.324078,0.55498004,0.12687999,188.388,1.384,82600534016,0.83,0.18735552,-0.018660924041758453,0.26201858384685306,-0.018660924041758453
MOS,55.60909,0.8441899,0.0168,0.016900001,38.312,1.053,9702479872,2.89,0.062412858,0.17078488055122554,0.3710764598648463,0.17078488055122554
NDAQ,35.058823,3.851469,0.11415,0.04354,84.587,1.03,44482973696,1.42,0.25086248,0.02878418743799771,0.2400814722273296,0.02878418743799771
NTAP,16.887037,18.606407,1.14329,0.09519,226.131,1.297,18819518464,2.32,-0.14248854,-0.2378702370869853,0.37547918472701763,-0.2378702370869853
NEM,11.85877,1.8659499,0.1666,0.07857,25.408,0.559,57942777856,1.94,0.26635516,0.10972982493571948,0.36281787816205896,0.10972982493571948
NWSA,36.61333,1.9135888,0.0619,0.03433,32.388,1.252,16353472512,0.74,0.1058439,0.004643936932121173,0.23749851942538755,0.004643936932121173
NWS,42.333332,2.2125435,0.0619,0.03433,32.388,1.252,16362648576,0.64,0.23792553,0.08999291093052597,0.24197581850994004,0.08999291093052597
NEE,24.90075,2.7476547,0.07056,0.02548,148.557,0.577,136868020224,3.43,-0.05831194,-0.14957653831595075,0.283038041461998,-0.14957653831595075
NKE,19.413622,6.16208,0.31934,0.08262,85.065,1.152,86249480192,2.82,-0.38404775,-0.24789719727229897,0.3988504957810552,-0.24789719727229897
NI,24.222223,2.1229172,0.081199996,0.02885,131.114,0.48,18466541568,2.87,0.36510158,0.16679301144536396,0.18576380793766853,0.16679301144536396
NDSN,24.684479,3.8385599,0.16153999,0.07441,79.788,0.964,11042008064,1.64,-0.28331012,-0.21806190927906122,0.29128246556363024,-0.21806190927906122
NSC,15.318555,3.488954,0.24542,0.067379996,122.314,1.301,50627960832,2.43,-0.058501363,-0.10649366886641509,0.28799123338670024,-0.10649366886641509
NOC,19.56388,4.770394,0.25412,0.06404,120.969,0.193,71408443392,1.69,0.037476778,-0.012427868958085342,0.25307089693398616,-0.012427868958085342
NRG,22.975954,12.45654,0.4179,0.05698,443.664,1.096,23350423552,1.54,0.4891063,0.3269898499060482,0.4952796934541563,0.3269898499060482
NUE,21.407406,1.4074022,0.074039996,0.0387,37.319,1.68,27982944256,1.84,-0.31163752,-0.16737805748873458,0.39072084952093955,-0.16737805748873458
NVDA,39.105408,35.47359,1.1917701,0.57417,12.946,1.958,2805265596416,0.04,0.25702512,-0.18875446749279423,0.5970202370112516,-0.18875446749279423
NXPI,20.286491,5.057299,0.25441998,0.087629996,121.164,1.409,47047094272,2.23,-0.29478377,-0.26815619730743223,0.4678270011649899,-0.26815619730743223
OXY,18.09292,1.4831876,0.08934,0.04123,78.608,1.034,40140443648,2.37,-0.37195218,-0.17178387686363272,0.3249571494263063,-0.17178387686363272
ODFL,29.037525,7.7617855,0.26593,0.16778,1.416,1.256,32833992704,0.74,-0.18642604,-0.23344510509243688,0.37106485178631016,-0.23344510509243688
OMC,10.519125,3.435353,0.31022,0.051999997,129.051,0.893,15079218176,3.7,-0.1832884,-0.23119281905626599,0.2797331034204369,-0.23119281905626599
OKE,16.047852,2.4022748,0.16409001,0.06048,144.846,1.166,51322888192,5.09,0.047908902,-0.12350094426589009,0.30716470586205,-0.12350094426589009
ORCL,35.036385,25.005028,1.03741,0.073460005,632.501,1.221,418545336320,1.37,0.25639033,-0.13699242227697794,0.4232318767032639,-0.13699242227697794
PCAR,13.930198,2.674202,0.19899,0.06702,96.349,0.962,48189034496,1.47,-0.14323884,-0.11527386883080604,0.30108406569998203,-0.11527386883080604
PH,24.013273,6.64868,0.25852,0.08776,68.875,1.383,80362881024,1.19,0.13790143,-0.009711660909250242,0.3482680995151185,-0.009711660909250242
PAYX,31.033266,13.060636,0.44254002,0.11643,20.981,0.879,53765713920,2.67,0.22073269,0.05914713177333186,0.22796629773112775,0.05914713177333186
PAYC,25.715004,7.9507995,0.34874,0.064229995,5.292,0.973,12991347712,0.66,0.32582176,0.3729186858923452,0.41022329351009307,0.3729186858923452
PNR,23.954782,4.1976457,0.1859,0.08545999,53.77,1.13,15252476928,1.1,0.13980651,-0.0578997510679492,0.30833176760846864,-0.0578997510679492
PEP,19.7125,10.008587,0.49927,0.08858,261.849,0.503,183786405888,4.06,-0.24183935,-0.18772517871562022,0.1963294481507362,-0.18772517871562022
PCG,15.43578,1.2703866,0.08257,0.024260001,193.839,0.703,36975968256,0.6,-0.051223695,-0.1597501958397468,0.2601418772597356,-0.1597501958397468
PSX,23.668941,1.5705248,0.0656,0.009509999,66.317,1.157,42817597440,4.64,-0.27957666,-0.12837735543314377,0.334972744918585,-0.12837735543314377
POOL,27.94508,9.065245,0.31651,0.098050006,108.75,1.129,11209911296,1.69,-0.18730289,-0.16257922720262497,0.323332845650776,-0.16257922720262497
PPG,19.455753,3.6023269,0.1765,0.06301,111.012,1.151,24950228992,2.5,-0.18168825,-0.13648269067872965,0.2674213391958911,-0.13648269067872965
PPL,26.955223,1.8671491,0.07018,0.029719999,121.312,0.671,26702215168,3.02,0.2844429,0.14915109810585436,0.17503497428037418,0.14915109810585436
PFG,16.22591,1.5197858,0.09733,0.0027599998,38.2,1.014,16988073984,4.1,-0.08792019,-0.08511979718752682,0.28610227484198547,-0.08511979718752682
PG,25.577776,7.3372188,0.30294,0.10977,64.975,0.419,377799147520,2.64,-0.027240694,-0.02351235903682547,0.18900101963587262,-0.02351235903682547
PGR,18.910654,5.677829,0.34338,0.06865,23.81,0.382,164406968320,1.76,0.33029902,0.18150841193883505,0.24808161976889817,0.18150841193883505
PLD,26.194513,1.8250686,0.06829,0.023759998,56.643,1.224,97469349888,3.92,-0.026537001,-0.07100302852722218,0.2930724358618401,-0.07100302852722218
PRU,16.492113,1.2386423,0.07836,0.00236,122.416,1.089,37058887680,5.31,-0.09380013,-0.1505208445245384,0.288262827208555,-0.1505208445245384
PSA,30.00397,10.171521,0.20121,0.07062,97.458,0.757,53057355776,4.0,0.12883806,-0.06593295742443861,0.2389335187631618,-0.06593295742443861
PHM,7.3110876,1.6879443,0.25522,0.13892001,17.795,1.447,20749205504,0.86,-0.12645745,-0.20031021809139327,0.340094135818021,-0.20031021809139327
PWR,52.604668,6.495824,0.13731,0.050100002,63.537,1.038,48434139136,0.12,0.25592005,0.042168225093108136,0.4279428645574292,0.042168225093108136
QCOM,14.132653,5.4945054,0.42205003,0.13428001,52.737,1.287,152072994816,2.63,-0.24732798,-0.20891667451605767,0.43372989777214443,-0.20891667451605767
DGX,22.50316,2.877186,0.13951999,0.06126,93.369,0.776,19871029248,1.8,0.29072642,0.1531664312475134,0.2200242992788633,0.1531664312475134
RL,20.947178,5.5978775,0.27571,0.07935,105.691,1.395,14205765632,1.47,0.3472756,0.14020715636572745,0.40123688821343556,0.14020715636572745
RTX,38.268326,2.8339522,0.07802,0.03471,67.798,0.263,174334787584,1.98,0.25650883,0.06859146531107152,0.2597005097070839,0.06859146531107152
O,58.70408,1.3204948,0.02404,0.02299,68.313,0.796,51303469056,5.64,0.0345639,-0.013139595798712156,0.18464830641050964,-0.013139595798712156
REG,34.69673,2.055828,0.05821,0.029070001,71.042,1.04,13369848832,3.89,0.22745764,0.036709139613638087,0.19932816192456532,0.036709139613638087
REGN,15.446252,2.1902826,0.15961,0.0691,9.204,0.435,65622204416,0.6,-0.3834901,-0.35314305982202565,0.295273219272286,-0.35314305982202565
RSG,37.919304,6.7254753,0.18545,0.06395,115.988,0.625,78563303424,0.93,0.34445584,0.23568076181872843,0.17645278054441124,0.23568076181872843
RMD,26.913116,6.346393,0.25811002,0.14012,15.142,0.755,35200012288,0.9,0.08991611,-0.015232052703780252,0.3393761148217112,-0.015232052703780252
RVTY,39.739666,1.5140351,0.03824,0.02086,43.542,1.07,11554536448,0.3,-0.07663256,-0.19020035833834703,0.32541890423689823,-0.19020035833834703
ROK,31.069822,8.323757,0.24847999,0.07114,113.245,1.391,28175529984,2.1,-0.09074986,-0.07328764954419298,0.34825556665984336,-0.07328764954419298
ROL,57.121212,20.210863,0.37827,0.14879,67.198,0.798,27406731264,1.18,0.21574152,0.19897408069339484,0.22435518020613315,0.19897408069339484
ROP,40.847263,3.1675336,0.08095,0.04156,38.788,1.04,60883001344,0.59,0.07807279,0.031455780692017044,0.21417703818743436,0.031455780692017044
ROST,22.397152,8.448225,0.40282002,0.11066,103.144,1.115,46546452480,1.17,0.061831236,0.015624246292323951,0.24837830634360394,0.015624246292323951
RCL,18.60813,7.80814,0.48519,0.07429,247.101,2.271,62154653696,1.36,0.5973519,0.09136817001049202,0.44330442276338966,0.09136817001049202
SPGI,39.787735,4.6513553,0.11241,0.061950002,31.875,1.261,155212267520,0.77,0.17345595,0.04272056583404238,0.22042041689067945,0.04272056583404238
CRM,43.01808,4.302552,0.10258,0.047259998,19.731,1.381,262507282432,0.62,-0.01582253,-0.08347063363787677,0.3876163878446339,-0.08347063363787677
SLB,11.6413555,2.3935044,0.20201,0.08125,68.142,1.119,46394667008,3.38,-0.29206884,-0.139044065179747,0.35083936169582985,-0.139044065179747
SRE,16.997736,1.6115055,0.097950004,0.01951,98.735,0.664,48978223104,3.45,0.024410367,-0.08051659204674333,0.3060101769225374,-0.08051659204674333
SHW,33.98581,21.692635,0.70217,0.09887999,329.968,1.256,90023395328,0.89,0.13601029,-0.003907232026948759,0.24533660850933553,-0.003907232026948759
SPG,22.168043,18.099415,0.74901,0.05797,688.571,1.48,60668911616,5.29,0.11152315,-0.04066465674061237,0.26456232115076395,-0.04066465674061237
SWKS,20.375385,1.6625658,0.08342,0.05251,18.639,1.206,10169737216,4.29,-0.29488707,-0.31194004779072726,0.5135922523934556,-0.31194004779072726
SW,50.865852,1.2153263,0.04226,0.0354,79.485,0.998,21771618304,4.26,-0.12440503,-0.05580466528604133,0.4086283051191815,-0.05580466528604133
SNA,16.581108,3.001127,0.19538,0.10828,23.477,0.831,16569187328,2.75,0.15009403,-0.05109553403899314,0.2563246896948501,-0.05109553403899314
SO,21.784172,2.9504044,0.12244,0.03463,188.378,0.372,99941253120,3.24,0.20580089,0.03786677606719491,0.18341421811884925,0.03786677606719491
LUV,33.35955,1.8066205,0.05593,0.009330001,85.371,0.942,16919321600,2.52,0.09292543,-0.032439103179508266,0.40886665053323146,-0.032439103179508266
SWK,25.811441,1.0657301,0.04032,0.02797,81.597,1.137,9424342016,5.56,-0.3130536,-0.3387792064854578,0.4049483179585952,-0.3387792064854578
STLD,17.478317,2.2648094,0.13199,0.05924,47.5,1.359,19937798144,1.53,-0.038237274,-0.007911832524133744,0.3761002779446044,-0.007911832524133744
STE,36.090836,3.4373803,0.096140005,0.05589,36.087,0.875,22055831552,1.03,0.06938696,0.007982132935928199,0.22278937605248716,0.007982132935928199
SYY,18.400517,17.959646,0.93613,0.08615,751.105,0.913,34518691840,3.08,-0.06913483,-0.02681533525086177,0.21677565140607188,-0.02681533525086177
TMUS,24.046343,4.58763,0.19351,0.055999998,199.152,0.627,279860051968,1.43,0.5006075,0.09794540678732444,0.26448928569868446,0.09794540678732444
TROW,9.965574,1.9652363,0.19646999,0.11412,2.95,1.527,20265136128,5.76,-0.2096861,-0.16872691651922778,0.28381541664022003,-0.16872691651922778
TPR,20.680231,11.012383,0.39821997,0.07958,307.265,1.389,14727047168,1.99,0.79638124,0.46632080140085175,0.4128762946255465,0.46632080140085175
TRGP,30.108454,13.758084,0.34414002,0.07762,323.439,1.745,35638243328,2.34,0.44546342,0.010075117586481053,0.34936729921294246,0.010075117586481053
TGT,11.059819,3.0438292,0.2912,0.06341,135.518,1.283,44522733568,4.67,-0.39274865,-0.327112034717601,0.4021173167739019,-0.327112034717601
TEL,32.15652,3.6369894,0.1122,0.08149,46.476,1.244,43865231360,1.94,0.03070426,-0.022641371709899882,0.2704599388555732,-0.022641371709899882
TER,21.573654,4.396432,0.21551001,0.10561,2.458,1.646,12248236032,0.65,-0.38741285,-0.3260269192537173,0.534434316136049,-0.3260269192537173
TXN,31.034027,9.096298,0.29189,0.10038,78.313,0.976,149143846912,3.44,-0.115421176,-0.2056157467431785,0.3789751082173509,-0.2056157467431785
TPL,65.57252,26.23007,0.41731,0.28298,0.11,1.455,29721413632,0.49,1.3256471,0.16857805920159574,0.5645520529408977,0.16857805920159574
TXT,16.162163,1.7812198,0.11699,0.04261,56.371,1.064,12955480064,0.11,-0.17899287,-0.12195605788088781,0.27485737898656143,-0.12195605788088781
TMO,25.182114,3.288212,0.13704,0.050019998,69.09,0.869,162078081024,0.41,-0.26641393,-0.21493040671423957,0.2526884891461379,-0.21493040671423957
TJX,30.327465,17.230595,0.61982,0.12810001,152.246,0.865,144323739648,1.33,0.3419199,0.13914666157205535,0.18961919720411038,0.13914666157205535
TSCO,25.547262,12.197149,0.49624002,0.091120005,257.388,0.875,27298428928,1.83,-0.068317235,-0.03720031450807615,0.2937802756448642,-0.03720031450807615
TT,32.71888,11.841156,0.38632,0.113570005,63.469,1.085,88511381504,0.96,0.22966588,0.020972826110849718,0.2895937805325708,0.020972826110849718
TRV,14.415941,2.1297896,0.16052,0.02691,28.495,0.494,60032851968,1.68,0.22258592,0.07436582564628247,0.2590240512200165,0.07436582564628247
TSN,20.652027,1.176799,0.05819,0.03482,52.644,0.615,21774139392,3.3,-0.022734582,0.06419731376371196,0.22119698997251955,0.06419731376371196
UDR,120.52777,4.370467,0.02848,0.018029999,136.541,0.773,16352606208,4.04,0.11430812,0.015957633999269305,0.2208292049251065,0.015957633999269305
UNP,19.677187,8.149531,0.42468,0.08991,211.385,1.059,130381209600,2.5,-0.10933602,-0.048726943481689045,0.22898005369902893,-0.048726943481689045
UPS,14.1109495,5.246418,0.35908002,0.07379,163.185,1.09,81922449408,6.93,-0.35395753,-0.2610365769227314,0.3134607748600455,-0.2610365769227314
URI,16.993176,4.8458576,0.30173,0.09315,159.21,1.719,42591043584,1.12,-0.039090395,-0.19002814677971858,0.388270922348078,-0.19002814677971858
UNH,16.74099,3.640406,0.22700001,0.07044,77.277,0.618,363884642304,2.1,-0.18635392,-0.28304268800273213,0.3743072530210299,-0.28304268800273213
UHS,9.973918,1.6988951,0.18473,0.075679995,73.981,1.212,11569306624,0.46,0.04132378,-0.13648206275146457,0.33917284804982756,-0.13648206275146457
VLO,39.77338,1.5537927,0.03714,0.02456,41.246,1.147,36499775488,3.93,-0.26753378,-0.07429003036528026,0.36794978050790145,-0.07429003036528026
VTR,205.46875,2.5851223,0.01381,0.01906,108.897,1.041,29650421760,2.93,0.40072668,0.010531450475307125,0.22529722213012948,0.010531450475307125
VRSK,44.5856,416.46576,4.45084,0.18275,3091.238,0.882,41555279872,0.61,0.24093032,0.12956371459089633,0.2085163403680881,0.12956371459089633
VZ,10.401192,1.828666,0.18416001,0.051469997,169.089,0.402,184186896384,6.26,0.113396764,0.09298779105630617,0.22421412885146866,0.09298779105630617
VICI,12.724,1.2632039,0.1012,0.04871,65.738,0.725,33613944832,5.49,0.09409726,0.012663576586473324,0.1982340393688941,0.012663576586473324
V,35.0998,17.673098,0.50655,0.16936001,54.594,0.943,670715084800,0.69,0.27546644,0.24592122890642054,0.22040104008598363,0.24592122890642054
VST,19.857143,15.261309,0.51573,0.072119996,311.893,1.23,47281823744,0.65,0.6848693,0.10197559851626892,0.7545224346969458,0.10197559851626892
VMC,37.260536,4.308486,0.120749995,0.059809998,67.823,0.799,35046531072,0.74,-0.0030630827,0.026152697160676697,0.27245346560045686,0.026152697160676697
GWW,27.176243,13.272649,0.5416,0.19601999,69.639,1.194,51029405696,0.86,0.13036251,-0.03194427463680749,0.22825759337862822,-0.03194427463680749
WAB,29.888891,3.1518583,0.106800005,0.05728,41.406,1.142,32683356160,0.53,0.15233338,0.007054608163993947,0.27870438791721247,0.007054608163993947
WMT,40.941906,8.698756,0.21414,0.07124,63.58,0.693,789447770112,0.96,0.6283852,0.2137107006537753,0.24883827666530423,0.2137107006537753
DIS,30.121754,1.6473712,0.05905,0.04251,42.447,1.442,167717715968,1.1,-0.20103818,-0.03062418618844509,0.29692540047750327,-0.03062418618844509
WM,35.52187,10.954972,0.34013999,0.07004,275.54,0.671,94771109888,1.41,0.12276316,0.08245934776604713,0.20078213828611086,0.08245934776604713
WEC,22.47619,2.782377,0.12247,0.02849,159.108,0.43,34640302080,3.28,0.3072579,0.1585739026497297,0.17253698695912348,0.1585739026497297
WELL,94.817604,2.8942215,0.0348,0.01729,49.196,0.918,98589802496,1.78,0.5690429,0.1080783273840793,0.20995878645481747,0.1080783273840793
WST,33.712715,5.7467422,0.17421,0.1033,11.457,1.22,15428799488,0.4,-0.42397678,-0.3240284550717356,0.5451348340935783,-0.3240284550717356
WY,53.663265,1.9784064,0.03706,0.02404,53.8,1.272,19081519104,3.25,-0.16950786,-0.13718499872638257,0.2609416352968302,-0.13718499872638257
WSM,18.10694,9.147127,0.52702,0.16951,62.888,1.754,19657693184,1.69,0.022776484,0.21073518195252183,0.5492058300002578,0.21073518195252183
WMB,32.714287,5.8527474,0.15782,0.03937,182.473,0.898,72679882752,3.4,0.5205586,0.1689080520845292,0.2605590301744034,0.1689080520845292
XEL,20.77647,2.0565374,0.102589995,0.02172,163.558,0.402,40742400000,3.24,0.29769588,0.13390302853358316,0.1981562511728059,0.13390302853358316
XYL,33.19407,2.7713392,0.08505,0.04441,19.323,1.073,29968676864,1.33,-0.119962096,-0.04628695438442254,0.2539738909573829,-0.04628695438442254
ZBH,23.109482,1.6348088,0.07253,0.046490002,53.067,0.845,20253972480,0.94,-0.16307741,-0.010153481765971972,0.23286146099744348,-0.010153481765971972
ZTS,29.184067,14.981667,0.51142,0.1487,143.166,0.925,71077593088,1.28,-0.06835461,-0.11322307901857376,0.2439470026226957,-0.11322307901857376
