,MarketCap,Momentum_6m,Volatility,Return_6m
MMM,74742587392,0.053148924886082805,0.35921379720820995,0.053148924886082805
AOS,9372467200,-0.16105574364833553,0.2529932756572366,-0.16105574364833553
ABT,224387121152,0.1206179465917474,0.20659561479417865,0.1206179465917474
ABBV,329136406528,0.004186681973417983,0.2688245269140736,0.004186681973417983
ACN,183669768192,-0.20358831618536377,0.26802272247572334,-0.20358831618536377
ADBE,156722266112,-0.2542840093604324,0.37185618326472514,-0.2542840093604324
AMD,157012361216,-0.37276913607069284,0.5358144342915736,-0.37276913607069284
AES,7204513792,-0.39307746365066865,0.43002826713938724,-0.39307746365066865
AFL,59570253824,-0.027867290554189128,0.21998694239429692,-0.027867290554189128
A,30511712256,-0.20048968122509836,0.2961971593282905,-0.20048968122509836
APD,59812601856,-0.18155044100556972,0.27957261360897045,-0.18155044100556972
ABNB,75623219200,-0.09646725093984643,0.4134142980386852,-0.09646725093984643
AKAM,11658516480,-0.2434098083803684,0.4153873491259958,-0.2434098083803684
ALB,6843718144,-0.39577793609742185,0.5890756438994337,-0.39577793609742185
ARE,13365124096,-0.33885667510101547,0.2826203470810131,-0.33885667510101547
ALGN,13490470912,-0.13025943633174109,0.40961958961273776,-0.13025943633174109
ALLE,12004732928,-0.08679119575716165,0.25186605817270213,-0.08679119575716165
LNT,15754012672,0.011853573865643119,0.19039211596744063,0.011853573865643119
ALL,51664965632,0.010148183777927366,0.25909553879930786,0.010148183777927366
GOOGL,1953658830848,-0.017001534573278465,0.30228054975588703,-0.017001534573278465
GOOG,1953665515520,-0.015569082958222902,0.3001151110959286,-0.015569082958222902
MO,99005292544,0.20780563455132683,0.18587292070302938,0.20780563455132683
AMZN,2005637529600,-0.0037427067290456417,0.3373562122827241,-0.0037427067290456417
AMCR,13961980928,-0.11001899282849015,0.24484483049516745,-0.11001899282849015
AEE,26724001792,0.13628527881107133,0.18828420176082894,0.13628527881107133
AEP,56997879808,0.08908546907283355,0.19272927529430867,0.08908546907283355
AXP,187281309696,-0.02234282752715311,0.3179302053511498,-0.02234282752715311
AIG,48132112384,0.06534034362350494,0.24486582063397394,0.06534034362350494
AMT,98730811392,-0.03168614921451307,0.27234485045571377,-0.03168614921451307
AWK,28479426560,0.035103628648285756,0.22985498499366494,0.035103628648285756
AMP,45274644480,-0.09809980922244321,0.2950737163888329,-0.09809980922244321
AME,38590070784,-0.006825000868239783,0.25674719618593,-0.006825000868239783
AMGN,150868656128,-0.10726119175156879,0.2766839662082977,-0.10726119175156879
APH,92131958784,0.14006547416593707,0.3793158253325515,0.14006547416593707
ADI,96829538304,-0.12623924915218288,0.42504083053965236,-0.12623924915218288
ANSS,28108179456,-0.015261788158617229,0.2497688610365696,-0.015261788158617229
AON,78851194880,-0.0552337742332184,0.2155164669644626,-0.0552337742332184
APA,5913206784,-0.3329945696395159,0.5009026949699833,-0.3329945696395159
APO,76102025216,-0.06794465985984788,0.4361081083486507,-0.06794465985984788
AAPL,3143825096704,-0.11074112438158801,0.3282019611511989,-0.11074112438158801
AMAT,123125440512,-0.16799838558540203,0.48220848370099956,-0.16799838558540203
APTV,12832914432,-0.19733065355596247,0.4143591498707836,-0.19733065355596247
ACGL,34603487232,-0.11529421975441945,0.25957021786451595,-0.11529421975441945
ADM,23421999104,-0.1156425599702875,0.2700422686341583,-0.1156425599702875
ANET,97826136064,-0.21414157613718687,0.5278128968080508,-0.21414157613718687
AJG,84781334528,0.1265131373053905,0.21465373976219493,0.1265131373053905
AIZ,9827172352,-0.007804526725464167,0.2431740372817574,-0.007804526725464167
T,198105792512,0.2762077416511539,0.22842908779054522,0.2762077416511539
ATO,25344149504,0.12731618732796757,0.16872633391313238,0.12731618732796757
ADSK,57874337792,-0.06430261232701495,0.2932060932335685,-0.06430261232701495
ADP,119843921920,0.011994501157447823,0.1924356493130457,0.011994501157447823
AZO,60384452608,0.1378540762490248,0.21296487166241201,0.1378540762490248
AVB,29431910400,-0.06961112430083805,0.21541138363658788,-0.06961112430083805
AVY,13710080000,-0.18865419563979302,0.21731316833061753,-0.18865419563979302
AXON,47003123712,0.34289728646654205,0.5506615324726943,0.34289728646654205
BKR,36112838656,0.023681108433833087,0.3614405649686719,0.023681108433833087
BALL,14277083136,-0.2222930324995115,0.25710017703753635,-0.2222930324995115
BAC,300059557888,-0.05052839450292679,0.287408561245694,-0.05052839450292679
BAX,15598022656,-0.16581436854175413,0.3337393620646263,-0.16581436854175413
BDX,58885648384,-0.13649066464360615,0.21288406559850884,-0.13649066464360615
BRK-B,1146751549440,0.15063388867013194,0.1897848544835601,0.15063388867013194
BBY,14311862272,-0.26088819487820114,0.438912382339118,-0.26088819487820114
TECH,8027699712,-0.28015755502756634,0.41868182881396504,-0.28015755502756634
BIIB,17493248000,-0.36073157482692064,0.28011836892270886,-0.36073157482692064
BLK,142040776704,-0.08357809201184452,0.25937523888915415,-0.08357809201184452
BX,164354457600,-0.20068407776369968,0.38453946847809173,-0.20068407776369968
BK,56318984192,0.048256571983251284,0.24572600577431464,0.048256571983251284
BA,134175367168,0.11302221361998632,0.40421218530289116,0.11302221361998632
BKNG,157931028480,0.10932656588106493,0.2946753731192463,0.10932656588106493
BSX,150717235200,0.15782296389617323,0.2241529211785772,0.15782296389617323
BMY,99087859712,-0.07214464989890668,0.29988607082865787,-0.07214464989890668
AVGO,904231976960,0.07820677515325425,0.6329280975507154,0.07820677515325425
BR,27865776128,0.10441021357090552,0.21458494603391257,0.10441021357090552
BRO,33753278464,0.08831010643322657,0.20391802685116361,0.08831010643322657
BF-B,16335405056,-0.29497856523104027,0.32271688450384345,-0.29497856523104027
BLDR,13802713088,-0.32825905024022983,0.46287270481956594,-0.32825905024022983
BG,10839351296,-0.07893216247668355,0.27406692991286313,-0.07893216247668355
BXP,11647021056,-0.22008540385930309,0.31810306529451243,-0.22008540385930309
CHRW,10880392192,-0.15948504409060438,0.3170404838627266,-0.15948504409060438
CDNS,79449563136,0.15156459468230188,0.4141324941985957,0.15156459468230188
CZR,6029649408,-0.35393002639004423,0.4961429223394404,-0.35393002639004423
CPT,12405252096,-0.027216719712629955,0.21914590232646894,-0.027216719712629955
CPB,10949237760,-0.2188042305683916,0.24453443968270477,-0.2188042305683916
COF,70866526208,0.17849354792266703,0.39665222017142604,0.17849354792266703
CAH,33230094336,0.23550141813340053,0.2197486402812031,0.23550141813340053
KMX,10028275712,-0.09023509058091095,0.3772638583749936,-0.09023509058091095
CCL,25335990272,-0.13286714592541438,0.4985251467247824,-0.13286714592541438
CARR,52107096064,-0.24615357728707832,0.3136049346175759,-0.24615357728707832
CAT,146658099200,-0.20441119717656508,0.3070508057244329,-0.20441119717656508
CBOE,22365435904,-0.0008420635775489016,0.22612063234920582,-0.0008420635775489016
CBRE,36846432256,-0.016295933718696642,0.30713804156837227,-0.016295933718696642
CDW,20943063040,-0.26738537099360427,0.3305435841514146,-0.26738537099360427
COR,55382544384,0.22643132371117725,0.1933669454600847,0.22643132371117725
CNC,30547372032,-0.05519165854549335,0.3341625920096787,-0.05519165854549335
CNP,24927680512,0.2989411349284048,0.20572964864585544,0.2989411349284048
CF,13062666240,-0.053310851365987566,0.32109791199593474,-0.053310851365987566
CRL,5685634048,-0.38334945597173886,0.5020384503892621,-0.38334945597173886
SCHW,145164648448,0.13496624368047283,0.3064692797183756,0.13496624368047283
CHTR,53063528448,0.1328906239735177,0.4072714172114744,0.1328906239735177
CVX,242916229120,-0.06109457481571834,0.2513162792769767,-0.06109457481571834
CMG,69766299648,-0.13527057689268196,0.3377989456417424,-0.13527057689268196
CB,113011073024,-0.05448713243541825,0.21258594788585697,-0.05448713243541825
CHD,24662644736,-0.027694522383942433,0.19368855989401115,-0.027694522383942433
CI,91010998272,0.06603140468577173,0.26853200472019534,0.06603140468577173
CINF,21192540160,-0.024100458471316033,0.2513959568810107,-0.024100458471316033
CTAS,84694384640,-0.011198146589561864,0.25258876276791825,-0.011198146589561864
CSCO,225608810496,0.015506049173485748,0.2282049372995383,0.015506049173485748
C,127806709760,0.09368912268379637,0.3391725861991513,0.09368912268379637
CFG,16386301952,-0.0925225511259894,0.34927299132158346,-0.0925225511259894
CLX,17033482240,-0.11020582386153022,0.21867556061257765,-0.11020582386153022
CME,95969189888,0.21851160247958035,0.1735504117558828,0.21851160247958035
CMS,22177017856,0.031959540036905265,0.17018546636552515,0.031959540036905265
KO,312094457856,0.05097340104185366,0.16456872355142285,0.05097340104185366
CTSH,35696435200,-0.04113373178874846,0.24967526787010022,-0.04113373178874846
CL,76168904704,-0.047148933693057504,0.20056994353889,-0.047148933693057504
CMCSA,126252425216,-0.16979453664712418,0.28250333910018094,-0.16979453664712418
CAG,11895878656,-0.1490896992915366,0.23890604242454067,-0.1490896992915366
COP,116050567168,-0.11323386225901821,0.3216107884545536,-0.11323386225901821
ED,40086720512,0.0633921771649657,0.18969342985021637,0.0633921771649657
STZ,33383944192,-0.22503086102925562,0.2910390407028276,-0.22503086102925562
CEG,69865005056,-0.15880514294910952,0.693066772984722,-0.15880514294910952
COO,16512399360,-0.23566098469146834,0.28954132108073216,-0.23566098469146834
CPRT,59868782592,0.16957944848869277,0.24409684137925614,0.16957944848869277
GLW,37852409856,-0.05516969630716162,0.34479766274583606,-0.05516969630716162
CPAY,22622576640,-0.07719861978728726,0.3390198954569273,-0.07719861978728726
CTVA,42148814848,0.045419320466724145,0.2675840649096912,0.045419320466724145
CSGP,35099115520,0.0774033658858786,0.2982007397543557,0.0774033658858786
COST,433549279232,0.09630723795549212,0.2218457492384512,0.09630723795549212
CTRA,19453892608,0.09643297884889268,0.2824941840632109,0.09643297884889268
CRWD,105316278272,0.3772000629917771,0.5289987901554052,0.3772000629917771
CCI,43869995008,-0.05705944319987777,0.2625554047078837,-0.05705944319987777
CSX,52862312448,-0.17147621996595352,0.2518754490554637,-0.17147621996595352
CMI,40490704896,-0.10457762385182956,0.3061542844240552,-0.10457762385182956
CVS,83216375808,0.17558689249400983,0.4122632865416018,0.17558689249400983
DHR,141087178752,-0.24344969037093178,0.28469455212896233,-0.24344969037093178
DRI,23456768000,0.2541556668761378,0.3033197234573863,0.2541556668761378
DVA,11164800000,-0.1446433290868836,0.32309615141131853,-0.1446433290868836
DAY,9149126656,-0.107043508173434,0.4016408706960839,-0.107043508173434
DECK,16793750528,-0.2912041526885233,0.4876817606315864,-0.2912041526885233
DE,126074626048,0.13775908283431204,0.2893500185224072,0.13775908283431204
DELL,65876148224,-0.20364603385705315,0.5929888010663409,-0.20364603385705315
DAL,27437189120,-0.23939171422875316,0.46904775301760915,-0.23939171422875316
DVN,20245579776,-0.20888451103109462,0.396872780492225,-0.20888451103109462
DXCM,28098390016,-0.01943073526774186,0.5644201134465514,-0.01943073526774186
FANG,40218791936,-0.24790161962028978,0.38551640845919544,-0.24790161962028978
DLR,53839429632,-0.017937394996379807,0.29645150831709244,-0.017937394996379807
DFS,47165919232,0.2805327910871849,0.4464405460827653,0.2805327910871849
DG,20633253888,0.16989570809141163,0.46580706564207336,0.16989570809141163
DLTR,17471201280,0.20361512931447145,0.47959999018064015,0.20361512931447145
D,45465677824,-0.09683178230252854,0.2333738811030381,-0.09683178230252854
DPZ,16735939584,0.15085651070445705,0.31671364541178604,0.15085651070445705
DASH,78650408960,0.23089027645778004,0.3877756095549084,0.23089027645778004
DOV,23269296128,-0.11244649933166484,0.27248150959887657,-0.11244649933166484
DOW,21219997696,-0.4034170710882057,0.34425113266931795,-0.4034170710882057
DHI,38717108224,-0.3058035797807258,0.34411232637158307,-0.3058035797807258
DTE,28425734144,0.06907011707968969,0.1891637614873928,0.06907011707968969
DUK,93786456064,0.018620503666980426,0.17586835380660804,0.018620503666980426
DD,27641827328,-0.21873698480233228,0.32428650112564433,-0.21873698480233228
EMN,9331505152,-0.2789826245728785,0.31204270812041657,-0.2789826245728785
ETN,113150722048,-0.15385371211932242,0.38506506622173925,-0.15385371211932242
EBAY,31608780800,0.08061952780431025,0.2913541202469416,0.08061952780431025
ECL,67978256384,-0.0730229618731576,0.20547368046521827,-0.0730229618731576
EIX,22408378368,-0.30702729052213495,0.2962179896371998,-0.30702729052213495
EW,44540813312,0.09820917477693891,0.41529826230067174,0.09820917477693891
EA,38206599168,0.008653616094904892,0.28284340955841786,0.008653616094904892
ELV,96878444544,0.01272041472723795,0.2724773312272948,0.01272041472723795
EMR,59367395328,-0.03032491197969922,0.3204260389162882,-0.03032491197969922
ENPH,6144423936,-0.49224764039289026,0.643033251609679,-0.49224764039289026
ETR,36602707968,0.2731001337271486,0.2716342525067481,0.2731001337271486
EOG,62578249728,-0.08118080791898885,0.2891615438355085,-0.08118080791898885
EPAM,9010328576,-0.19616065890219503,0.4854470347234832,-0.19616065890219503
EQT,30074970112,0.40678311353740804,0.37462822237336774,0.40678311353740804
EFX,31944073216,-0.05438593076298792,0.34345276004003394,-0.05438593076298792
EQIX,81981521920,-0.036338873304812,0.2752559115770771,-0.036338873304812
EQR,27894517760,-0.0578696529163375,0.22576156704162104,-0.0578696529163375
ERIE,21372452864,-0.22222129658941336,0.328363625518013,-0.22222129658941336
ESS,19082645504,-0.044857577978149266,0.23828048335967628,-0.044857577978149266
EL,21097287680,-0.3154470929854214,0.5112988306970866,-0.3154470929854214
EG,15151759360,-0.07364019978663017,0.25864876000668907,-0.07364019978663017
EVRG,15705326592,0.12656962758436952,0.15767255344138228,0.12656962758436952
ES,21485326336,-0.10487274832088966,0.2395464235510619,-0.10487274832088966
EXC,46771867648,0.16259918817708874,0.1928682881005559,0.16259918817708874
EXE,24503310336,0.2629118098087233,0.2763638410945803,0.2629118098087233
EXPE,20353024000,-0.004615512752114803,0.45671160484193385,-0.004615512752114803
EXPD,15288281088,-0.09121828030924561,0.24283734193133152,-0.09121828030924561
EXR,31433275392,-0.1325601322087966,0.25973738049177814,-0.1325601322087966
XOM,469856223232,-0.08499383372534297,0.23794009766393076,-0.08499383372534297
FFIV,15567850496,0.24403391604390046,0.3255287728107343,0.24403391604390046
FDS,16247013376,-0.08325868501419198,0.22217821193849432,-0.08325868501419198
FICO,47719923712,-0.03723697847705687,0.3375664820598249,-0.03723697847705687
FAST,47094251520,0.07207136468434139,0.25407586699152496,0.07207136468434139
FRT,8250954752,-0.15704266971598158,0.22644620038485963,-0.15704266971598158
FDX,51679031296,-0.20765386199704572,0.36338995275524427,-0.20765386199704572
FIS,42306453504,-0.10574222090616536,0.2736981393658686,-0.10574222090616536
FITB,23878313984,-0.17703202819741393,0.28356941964421656,-0.17703202819741393
FSLR,15213066240,-0.29563056152193923,0.5803667066110241,-0.29563056152193923
FE,24435515392,-0.013797375777902743,0.20271771277977152,-0.013797375777902743
FI,97923596288,-0.1108829548388901,0.3066608080468841,-0.1108829548388901
F,40004079616,-0.05409756762881046,0.3816088788976066,-0.05409756762881046
FTNT,78281555968,0.23483745799390987,0.42486995243570636,0.23483745799390987
FTV,23424253952,-0.08965314440890115,0.26239263056939227,-0.08965314440890115
FOXA,21454319616,0.1742398573136943,0.2544723524741967,0.1742398573136943
FOX,21454309376,0.18930777928422615,0.2537972202078914,0.18930777928422615
BEN,9851212800,-0.051254560945718675,0.3433638762012804,-0.051254560945718675
FCX,52682170368,-0.2239903097443643,0.4557790272217315,-0.2239903097443643
GRMN,38356705280,0.22927061003637372,0.4155971912767672,0.22927061003637372
IT,32199206912,-0.20557127581373602,0.2621479821928874,-0.20557127581373602
GE,211603767296,0.1271541773273852,0.34517876299620603,0.1271541773273852
GEHC,31325618176,-0.233190040132072,0.35675384707795305,-0.233190040132072
GEV,101646458880,0.34933832609172555,0.5809604167318172,0.34933832609172555
GEN,15567763456,-0.060093281564180145,0.3070820142651644,-0.060093281564180145
GNRC,6784677888,-0.325788355568419,0.39755733598802223,-0.325788355568419
GD,72995659776,-0.10150202461436653,0.22175778228213716,-0.10150202461436653
GIS,30879186944,-0.1706717041405994,0.21759613489406351,-0.1706717041405994
GM,45521498112,-0.11899360875356069,0.36971228408980605,-0.11899360875356069
GPC,16250866688,0.04812302995804085,0.32981957522517175,0.04812302995804085
GILD,132329963520,0.18837724750286244,0.25006762392852977,0.18837724750286244
GPN,17821093888,-0.2665955915134415,0.40058660692132414,-0.2665955915134415
GL,10315447296,0.11169264978102222,0.2950243108612839,0.11169264978102222
GDDY,25924689920,0.12068439191322389,0.30535228029461253,0.12068439191322389
GS,169495576576,0.06169091580291419,0.3395905685970525,0.06169091580291419
HAL,18282614784,-0.25244498739885457,0.38575748810293925,-0.25244498739885457
HIG,33876410368,-0.0022523834787351316,0.23399511945554263,-0.0022523834787351316
HAS,8546285056,-0.12218998518367552,0.3646995221189205,-0.12218998518367552
HCA,84056391680,-0.19308710509806826,0.28528063843363344,-0.19308710509806826
DOC,13140585472,-0.1770590810529532,0.22872070587378274,-0.1770590810529532
HSIC,8113990656,-0.08456249565963658,0.28989345137639716,-0.08456249565963658
HSY,33218336768,-0.09514541728670411,0.2693061965333691,-0.09514541728670411
HES,40946393088,-0.03891913455411811,0.2875980081881419,-0.03891913455411811
HPE,21332539392,-0.17176227859712645,0.479441040805143,-0.17176227859712645
HLT,52624023552,-0.07665991574282505,0.2478905670704475,-0.07665991574282505
HOLX,13096449024,-0.2887962839481396,0.220762279879727,-0.2887962839481396
HD,357456281600,-0.09980300764252903,0.23164120654732873,-0.09980300764252903
HON,129127383040,-0.09506825493350957,0.23650801043361644,-0.09506825493350957
HRL,16601856000,-0.026081666802911685,0.23417990458433038,-0.026081666802911685
HST,9787648000,-0.185963505757059,0.28870229289974614,-0.185963505757059
HWM,54910029824,0.3245311304378895,0.411624005479862,0.3245311304378895
HPQ,23878680576,-0.2892389258510122,0.39509689911439805,-0.2892389258510122
HUBB,19301421056,-0.1922457008893408,0.3519498324853855,-0.1922457008893408
HUM,32325013504,0.01480997772160686,0.41960454426623517,0.01480997772160686
HBAN,21196656640,-0.05497122447413649,0.3263113865225238,-0.05497122447413649
HII,8869207040,-0.10789996569960758,0.4568527973724673,-0.10789996569960758
IBM,216001150976,0.015294724477251886,0.27406146086799715,0.015294724477251886
IEX,13128814592,-0.1651779090672999,0.26803526674264283,-0.1651779090672999
IDXX,35736571904,-0.05211377993432664,0.3189072739483322,-0.05211377993432664
ITW,71015096320,-0.05676181575311956,0.21878424629014862,-0.05676181575311956
INCY,11448880128,-0.09803318874046008,0.34603833258057776,-0.09803318874046008
IR,30529531904,-0.23813936239016897,0.32437005237661193,-0.23813936239016897
PODD,18308644864,0.10190187966865083,0.3701453823161663,0.10190187966865083
INTC,93709082624,-0.10491073310223198,0.6285931305139179,-0.10491073310223198
ICE,93775306752,-0.010701956495060672,0.18891234000354235,-0.010701956495060672
IFF,19599548416,-0.2588555084307361,0.2692784587896341,-0.2588555084307361
IP,25142706176,0.012821464782912573,0.34402148766673774,0.012821464782912573
IPG,9272947712,-0.15619385457584412,0.27588911005033856,-0.15619385457584412
INTU,174480228352,0.027330458177371453,0.33764185526768475,0.027330458177371453
ISRG,184438325248,-0.005623136511171523,0.34066927726722646,-0.005623136511171523
IVZ,6297724928,-0.20996059934685973,0.3759429357820381,-0.20996059934685973
INVH,20758347776,0.010377126416374782,0.22286927567602952,0.010377126416374782
IQV,26567098368,-0.3417433343387781,0.322725444487757,-0.3417433343387781
IRM,25874593792,-0.2807661278038608,0.33069512422424235,-0.2807661278038608
JBHT,13190945792,-0.2576815946096168,0.3184260596434628,-0.2576815946096168
JBL,15771126784,0.1859417503997307,0.40792497408487016,0.1859417503997307
JKHY,12577764352,-0.06139795890067423,0.21243354120199243,-0.06139795890067423
J,14990796800,-0.13848657942187026,0.23997701711390926,-0.13848657942187026
JNJ,372772765696,-0.039047990615247885,0.1914346289957654,-0.039047990615247885
JCI,53517467648,0.06745269950030863,0.32512616469677474,0.06745269950030863
JPM,679879573504,0.09903515147175113,0.28696948923533105,0.09903515147175113
JNPR,11900260352,-0.08041840486348262,0.14593308242363306,-0.08041840486348262
K,28573550592,0.035336954900588635,0.22810861016621997,0.035336954900588635
KVUE,44149059584,0.02228563182210941,0.27993473752430803,0.02228563182210941
KDP,46802923520,-0.05511547174840781,0.18789426311455928,-0.05511547174840781
KEY,16535271424,-0.12280390377703143,0.37231127050595353,-0.12280390377703143
KEYS,24886511616,-0.07305616670266268,0.373786478203315,-0.07305616670266268
KMB,43912597504,-0.027456241020380245,0.19054932023329624,-0.027456241020380245
KIM,13882159104,-0.13497357594991877,0.23225828209418428,-0.13497357594991877
KMI,59725946880,0.10651625566045664,0.2530296234292983,0.10651625566045664
KKR,104509259776,-0.18728810775456994,0.4683232970518443,-0.18728810775456994
KLAC,92304637952,0.04183148652698909,0.4892915253710506,0.04183148652698909
KHC,35372367872,-0.15120767430536153,0.23264543137644053,-0.15120767430536153
KR,47154728960,0.2533414894658985,0.23202406527965555,0.2533414894658985
LHX,40430727168,-0.10876686250986678,0.21752576767381362,-0.10876686250986678
LH,19124959232,0.04144611303700518,0.23775826360963775,0.04144611303700518
LRCX,91629002752,-0.015677801515878276,0.5205557363192865,-0.015677801515878276
LW,7422692864,-0.32051557292490085,0.4962714559895193,-0.32051557292490085
LVS,25869619200,-0.2996893454071913,0.3632394853063503,-0.2996893454071913
LDOS,18682062848,-0.12543892900635567,0.30375451433487377,-0.12543892900635567
LEN,28626671616,-0.3540855035240493,0.3256777862452072,-0.3540855035240493
LII,18711490560,-0.11116050567504787,0.3385632825100604,-0.11116050567504787
LLY,794307133440,-0.023778367564144864,0.3635931839929816,-0.023778367564144864
LIN,212587790336,-0.06367825063256582,0.19014594325384318,-0.06367825063256582
LYV,30682560512,0.14764863551695506,0.311681151747731,0.14764863551695506
LKQ,9657316352,0.013070592999375963,0.29795146499258063,0.013070592999375963
LMT,111909142528,-0.16083097063100238,0.23010710009209345,-0.16083097063100238
L,18139914240,0.0567425823850094,0.2146527686623727,0.0567425823850094
LOW,124282642432,-0.1771642525322381,0.2434589329173869,-0.1771642525322381
LULU,32649240576,-0.10365367532189063,0.4357530807509243,-0.10365367532189063
LYB,19189430272,-0.3132137073417429,0.3011064581343647,-0.3132137073417429
MTB,27497324544,-0.1259962641959954,0.2948861858853093,-0.1259962641959954
MPC,42848022528,-0.12141263514816492,0.3686280221073571,-0.12141263514816492
MKTX,8147106816,-0.2403607470094239,0.29841308662993904,-0.2403607470094239
MAR,65059639296,-0.10635765476833348,0.2783377922157677,-0.10635765476833348
MMC,108025692160,-0.004704411033895295,0.17394937161796087,-0.004704411033895295
MLM,30860681216,-0.0980794884397832,0.2578891992332022,-0.0980794884397832
MAS,12745115648,-0.25928707630913417,0.28150180708336886,-0.25928707630913417
MA,488183234560,0.043065771347869264,0.2107155617171428,0.043065771347869264
MTCH,7560469504,-0.19413228499693247,0.3992330197405946,-0.19413228499693247
MKC,20117676032,-0.04359888330379813,0.21747997316502607,-0.04359888330379813
MCD,226491891712,0.01841538730245329,0.2017747462837793,0.01841538730245329
MCK,87101571072,0.37828649960380045,0.2741885902339649,0.37828649960380045
MDT,108118671360,-0.06100406582544493,0.21409033461688273,-0.06100406582544493
MRK,208206086144,-0.21115130596250897,0.2584689099055023,-0.21115130596250897
META,1345912176640,-0.05809393080327674,0.36028378290186985,-0.05809393080327674
MET,51677937664,-0.10087251449781243,0.29325893436752565,-0.10087251449781243
MTD,22403981312,-0.21452454093822693,0.36371659079885393,-0.21452454093822693
MGM,9043400704,-0.21841066834869838,0.4346937503463307,-0.21841066834869838
MCHP,25342029824,-0.36938372873787395,0.5714028644083422,-0.36938372873787395
MU,89159737344,-0.25813705132555487,0.6356394551756488,-0.25813705132555487
MSFT,2913004945408,-0.07973704276459437,0.24873623661600155,-0.07973704276459437
MAA,19131498496,0.05610844831916517,0.21050082882828583,0.05610844831916517
MRNA,10589586432,-0.4902621997086829,0.6948457011765263,-0.4902621997086829
MHK,6820454400,-0.3011834966006214,0.4201962597150915,-0.3011834966006214
MOH,17046443008,0.10758564315346453,0.4462631758736772,0.10758564315346453
TAP,11832177664,0.03179793423919475,0.2760092739114113,0.03179793423919475
MDLZ,84974460928,-0.06694125493349912,0.20725637925062826,-0.06694125493349912
MPWR,27940339712,-0.3310876944819534,0.663271312307509,-0.3310876944819534
MNST,57095233536,0.0945895492379929,0.2551976094852853,0.0945895492379929
MCO,79097217024,-0.05879987767351791,0.26174884929376513,-0.05879987767351791
MS,186428080128,-0.005195720271009341,0.3386283041539178,-0.005195720271009341
MOS,9240909824,0.12068490703035373,0.37816642268133543,0.12068490703035373
MSI,71831248896,-0.08044106895826564,0.21843359012667093,-0.08044106895826564
MSCI,41421606912,-0.10861065591471608,0.25199658460785146,-0.10861065591471608
NDAQ,43342929920,0.02080217041682686,0.2396804179705092,0.02080217041682686
NTAP,18254045184,-0.253291725439427,0.3756396552608098,-0.253291725439427
NFLX,468779237376,0.44134047337546534,0.32610209724450995,0.44134047337546534
NEM,61993779200,-0.06981581427585892,0.36419519848180676,-0.06981581427585892
NWSA,15984263168,0.04293672832932027,0.2381480777623173,0.04293672832932027
NWS,15984263168,0.12502184973538455,0.2430053363658782,0.12502184973538455
NEE,136590180352,-0.19855278632855666,0.28465122397280923,-0.19855278632855666
NKE,86315909120,-0.2850992785080204,0.3995851128424423,-0.2850992785080204
NI,18673618944,0.15186935744092422,0.18629685249221214,0.15186935744092422
NDSN,10781937664,-0.24481914563671225,0.2921624930713154,-0.24481914563671225
NSC,51103490048,-0.13944340120700727,0.292687870970026,-0.13944340120700727
NTRS,17975361536,-0.029705052541514343,0.2795592868814407,-0.029705052541514343
NOC,68106731520,-0.08241301343695451,0.25355725336600543,-0.08241301343695451
NCLH,7638110720,-0.27968229568225544,0.5373480033738017,-0.27968229568225544
NRG,22063247360,0.2812491625066085,0.49503303981801294,0.2812491625066085
NUE,26678089728,-0.20011833963792502,0.39249817013702387,-0.20011833963792502
NVDA,2708644036608,-0.22677166835604234,0.5993342162610329,-0.22677166835604234
NVR,21044828160,-0.25077792044797287,0.2581602582472427,-0.25077792044797287
NXPI,49093185536,-0.15606367040550617,0.4657448519636944,-0.15606367040550617
ORLY,77091905536,0.11748991566436007,0.20526671382215161,0.11748991566436007
OXY,39629967360,-0.21784827273778373,0.3254899389786674,-0.21784827273778373
ODFL,33710141440,-0.2625897986949567,0.3699513371468287,-0.2625897986949567
OMC,14955829248,-0.2463147770108337,0.2816855778259754,-0.2463147770108337
ON,16865101824,-0.40441838709281663,0.5683747012126177,-0.40441838709281663
OKE,53911126016,-0.09484113026521335,0.30128945191703776,-0.09484113026521335
ORCL,388357816320,-0.20524148893123006,0.4229627146154172,-0.20524148893123006
OTIS,36690624512,-0.09025297802434995,0.2230500746918905,-0.09025297802434995
PCAR,48650977280,-0.09278659420030588,0.3082661380481328,-0.09278659420030588
PKG,16970338304,-0.1366244355741385,0.24278857415506633,-0.1366244355741385
PLTR,253636575232,1.6264555748995044,0.7257523419690963,1.6264555748995044
PANW,118502645760,-0.04823189139604733,0.36460109596793105,-0.04823189139604733
PARA,8116385792,0.1522023683116236,0.39764787784103295,0.1522023683116236
PH,77004046336,-0.04517450096813147,0.34991972549657174,-0.04517450096813147
PAYX,51943124992,0.02666454305364696,0.22854717036113087,0.02666454305364696
PAYC,12777783296,0.37243511363217086,0.4260588287858799,0.37243511363217086
PYPL,63862984704,-0.19243612185757786,0.37576846669694514,-0.19243612185757786
PNR,14837040128,-0.07957261011303807,0.3087653148905555,-0.07957261011303807
PEP,185520914432,-0.2217409862028329,0.19591275862154656,-0.2217409862028329
PFE,129989640192,-0.1795836459104535,0.24048394859608851,-0.1795836459104535
PCG,38217744384,-0.16448285833030385,0.256780279023498,-0.16448285833030385
PM,264981954560,0.32143684543160655,0.24574416008538982,0.32143684543160655
PSX,42654629888,-0.19473052493840326,0.340049984848556,-0.19473052493840326
PNW,11263406080,0.0862809208387807,0.17948910743200572,0.0862809208387807
PNC,63227600896,-0.13341021640889006,0.26793056500611845,-0.13341021640889006
POOL,10998249472,-0.1630070570645411,0.3238138580431778,-0.1630070570645411
PPG,23634898944,-0.1806870243940848,0.2636286747851238,-0.1806870243940848
PPL,26790629376,0.11702366236756978,0.17622143999904444,0.11702366236756978
PFG,16872880128,-0.16862261193381622,0.28677062714263274,-0.16862261193381622
PG,377517834240,-0.039412586157286045,0.18870441583525638,-0.039412586157286045
PGR,155463876608,0.08844681348296346,0.24673530554298542,0.08844681348296346
PLD,95812378624,-0.12519591339461078,0.295142047551919,-0.12519591339461078
PRU,36871024640,-0.16246408635507215,0.28857494998733957,-0.16246408635507215
PEG,40742453248,-0.08385860314358806,0.2229828101645881,-0.08385860314358806
PTC,18533505024,-0.1579839012386871,0.27006727012050613,-0.1579839012386871
PSA,51535872000,-0.11445002624821621,0.23945888545729194,-0.11445002624821621
PHM,20613890048,-0.23556930891160455,0.34194156695005706,-0.23556930891160455
PWR,42602176512,-0.08125499291051841,0.41717133396695205,-0.08125499291051841
QCOM,164307353600,-0.13302714509491664,0.43698733171233767,-0.13302714509491664
DGX,19633315840,0.11427728515430058,0.2234317475524772,0.11427728515430058
RL,13597400064,0.11227811514937658,0.4017701246087294,0.11227811514937658
RJF,27899846656,0.01565183801384995,0.2956581647001489,0.01565183801384995
RTX,167287652352,0.007918685763578903,0.2597494775250417,0.007918685763578903
O,50964619264,-0.08123405922636573,0.1859615492614422,-0.08123405922636573
REG,13048363008,0.012808708727488183,0.1998488212556993,0.012808708727488183
REGN,65568440320,-0.3729717076749327,0.28506971711339213,-0.3729717076749327
RF,18465468416,-0.12496527039385019,0.30259736310658275,-0.12496527039385019
RSG,75990720512,0.20070077464333158,0.17905647372378403,0.20070077464333158
RMD,34618691584,-0.012747792855391182,0.3400563635857366,-0.012747792855391182
RVTY,11429645312,-0.20512082681775667,0.3277648472185854,-0.20512082681775667
ROK,28103204864,-0.0675338611061369,0.34962137339238575,-0.0675338611061369
ROL,26907154432,0.12393672516194698,0.22326220777580377,0.12393672516194698
ROP,60099428352,0.013209576602060569,0.21555332713431627,0.013209576602060569
ROST,46013771776,-0.036068035902433127,0.24957410479364567,-0.036068035902433127
RCL,57561726976,0.048455159426074035,0.44355294840925513,0.048455159426074035
SPGI,147594248192,-0.061949656633749406,0.21841419898616368,-0.061949656633749406
CRM,257403863040,-0.06850837958470135,0.3889991505507868,-0.06850837958470135
SBAC,24073000960,-0.07131487876468057,0.27172956171175655,-0.07131487876468057
SLB,47499866112,-0.16573528178019037,0.351508568190774,-0.16573528178019037
STX,17580199936,-0.2542911787329163,0.39334018826791245,-0.2542911787329163
SRE,48684863488,-0.10742359472284735,0.306438160532432,-0.10742359472284735
NOW,195648978944,0.029751072711391213,0.44214668186821093,0.029751072711391213
SHW,84115079168,-0.07864964667163188,0.2417080493772461,-0.07864964667163188
SPG,58882072576,-0.08241717630977963,0.26654325770901044,-0.08241717630977963
SWKS,9447934976,-0.3448015581983441,0.5357045632149323,-0.3448015581983441
SJM,12311288832,-0.00108651835616147,0.2451712253213627,-0.00108651835616147
SW,22157869056,-0.038540652149859356,0.41015440480325294,-0.038540652149859356
SNA,16248928256,-0.03309706407863788,0.2565182619436993,-0.03309706407863788
SOLV,11682893824,-0.09007025011090519,0.332289880965424,-0.09007025011090519
SO,100172931072,-0.012138203160883432,0.18532234083848217,-0.012138203160883432
LUV,15202980864,-0.12143393805384473,0.40852669736700503,-0.12143393805384473
SWK,9568978944,-0.40131870759712884,0.41067089955603514,-0.40131870759712884
SBUX,95259287552,-0.12429164014398575,0.4348630999886261,-0.12429164014398575
STT,25279383552,-0.011620058853678006,0.27870488336328336,-0.011620058853678006
STLD,19093868544,-0.025989626091586504,0.37810954639056776,-0.025989626091586504
STE,22239068160,0.020873998743015765,0.22285686640379215,0.020873998743015765
SYK,139339382784,0.002004463596160244,0.22343274361688029,0.002004463596160244
SMCI,21644253184,-0.20665650963092785,1.1364385242182287,-0.20665650963092785
SYF,19755563008,-0.06876925319536553,0.43881981683053195,-0.06876925319536553
SNPS,69056380928,-0.11104478043483157,0.4039463620360494,-0.11104478043483157
SYY,35488690176,-0.03842061610381775,0.2197854505054669,-0.03842061610381775
TMUS,298008444928,0.07022591196034589,0.26318556301390744,0.07022591196034589
TROW,19895109632,-0.19760677664633086,0.28362589838134383,-0.19760677664633086
TTWO,39778668544,0.40844893679083505,0.2913104016902714,0.40844893679083505
TPR,14259192832,0.5834479350038839,0.4157257237478274,0.5834479350038839
TRGP,38647443456,0.08452985150969528,0.3455681002318441,0.08452985150969528
TGT,43999531008,-0.34239556689496364,0.4035809333162906,-0.34239556689496364
TEL,42897666048,-0.008149346326776885,0.271907629166143,-0.008149346326776885
TDY,21504579584,0.034070703289504456,0.23655279615065833,0.034070703289504456
TER,12432361472,-0.38347309720771117,0.5368470662817169,-0.38347309720771117
TSLA,917812609024,0.30729004271788884,0.7392811431745877,0.30729004271788884
TXN,147953745920,-0.1486080795496615,0.378098654237051,-0.1486080795496615
TPL,30702897152,0.22508728222024366,0.5670971596526266,0.22508728222024366
TXT,12352478208,-0.21809370655807803,0.27478170577368705,-0.21809370655807803
TMO,161061027840,-0.2753599587823229,0.25144257747007276,-0.2753599587823229
TJX,141380173824,0.10545049957770436,0.19060768086488314,0.10545049957770436
TKO,12812102656,0.22587542578241093,0.30831864774114137,0.22587542578241093
TSCO,26538219520,-0.1367229330643407,0.29354789691544253,-0.1367229330643407
TT,77658554368,-0.10852268680356025,0.28205778925192293,-0.10852268680356025
TDG,77291872256,0.02052707696293421,0.27245357646854657,0.02052707696293421
TRV,58998550528,0.008060299233653145,0.25885732617597923,0.008060299233653145
TRMB,15167823872,0.024912805560676876,0.34929568320996196,0.024912805560676876
TFC,49631350784,-0.11200591266836313,0.3093572914231393,-0.11200591266836313
TYL,22868008960,-0.10449590727106606,0.2591869021850934,-0.10449590727106606
TSN,21877454848,0.04600028777702003,0.22114209483218528,0.04600028777702003
USB,62477991936,-0.150094003213059,0.29372554596142436,-0.150094003213059
UBER,163327082496,-0.03308050666540163,0.43570737361442663,-0.03308050666540163
UDR,15666989056,-0.04739561299714001,0.22001056601312688,-0.04739561299714001
ULTA,17423912960,0.05112189573675274,0.38628442016711895,0.05112189573675274
UNP,128726056960,-0.10664682200474584,0.22934677262790118,-0.10664682200474584
UAL,22551760896,-0.08444087925778654,0.5518655133096008,-0.08444087925778654
UPS,83837886464,-0.23449579688070965,0.3132476803979007,-0.23449579688070965
URI,42077753344,-0.2491631572795625,0.39539407002833044,-0.2491631572795625
UNH,386162327552,-0.2593940050955953,0.3740618412688483,-0.2593940050955953
UHS,11345266688,-0.2601707761532013,0.338307174659814,-0.2601707761532013
VLO,35664769024,-0.14765600345479524,0.3719933392828337,-0.14765600345479524
VTR,29942894592,0.0666330776949926,0.22265557046744416,0.0666330776949926
VLTO,22897680384,-0.1724160951027618,0.21673328064066744,-0.1724160951027618
VRSN,25614981120,0.4596287090577802,0.22132391198425438,0.4596287090577802
VRSK,40337625088,0.07211598675983444,0.21930692183418066,0.07211598675983444
VZ,180487094272,0.04428235366133371,0.22277409299564113,0.04428235366133371
VRTX,126956879872,0.03986016830517136,0.2622632649637515,0.03986016830517136
VTRS,9704699904,-0.2881224517267508,0.3484772530851191,-0.2881224517267508
VICI,34300446720,0.010691664840338122,0.19974496746058126,0.010691664840338122
V,647588675584,0.18112380889903856,0.21974621552689733,0.18112380889903856
VST,43077480448,0.01619033631705946,0.7583408757886981,0.01619033631705946
VMC,32960569344,-0.022500699614826924,0.264907215840556,-0.022500699614826924
WRB,27215712256,0.21731818148275828,0.24078130080231744,0.21731818148275828
GWW,49093918720,-0.07397632723634384,0.22721527742970152,-0.07397632723634384
WAB,31723458560,-0.027700630931763892,0.2787257091615672,-0.027700630931763892
WBA,9538062336,0.165924701614111,0.63503057215505,0.165924701614111
WMT,768334757888,0.16511075652802187,0.2499119483250082,0.16511075652802187
DIS,163207282688,-0.06264171951653552,0.29731299283091794,-0.06264171951653552
WBD,21250287616,0.14077024080275824,0.5825767429807458,0.14077024080275824
WM,91856420864,0.08944176984036845,0.20137127225806045,0.08944176984036845
WAT,20270225408,-0.004536953305757874,0.37657285116891076,-0.004536953305757874
WEC,34751975424,0.11057281964823185,0.1732280427239164,0.11057281964823185
WFC,227436969984,0.08745623684130677,0.33677658289363954,0.08745623684130677
WELL,96264536064,0.14034589601759828,0.21028801271420128,0.14034589601759828
WST,15414430720,-0.24991584674815293,0.5463335470797486,-0.24991584674815293
WDC,14184262656,-0.20377893658903468,0.4813053366046819,-0.20377893658903468
WY,18509152256,-0.20571778096065296,0.2621241643760359,-0.20571778096065296
WSM,18699331584,0.0890256822163289,0.5508740483404013,0.0890256822163289
WMB,72765095936,0.14870260273741764,0.26184462851951423,0.14870260273741764
WTW,30445037568,0.04157994426555045,0.20202164363803332,0.04157994426555045
WDAY,63358558208,-0.029299707766603844,0.37232162056680046,-0.029299707766603844
WYNN,8717372416,-0.16943459496986613,0.3963052090284516,-0.16943459496986613
XEL,40540536832,0.1016644766886412,0.19856303078154408,0.1016644766886412
XYL,28252817408,-0.11101372690805567,0.2553891663667473,-0.11101372690805567
YUM,41103626240,0.1151260155712941,0.22530362801752324,0.1151260155712941
ZBRA,12593526784,-0.33806450136246224,0.3787042317195001,-0.33806450136246224
ZBH,20082839552,-0.02209429734300139,0.23408541990036638,-0.02209429734300139
ZTS,68456980480,-0.18305415345372456,0.24928735860182252,-0.18305415345372456
